id,ts,key,value,beauty_salon_id
1048,2023-10-09 06:05:32,Bike Parking,Yes,113
1049,2023-10-09 06:05:32,Parking,"Lot, Private",113
1050,2023-10-09 06:05:32,Wheelchair Accessible,Yes,113
15036,2023-10-09 14:13:32,Parking,"Lot, Private",1618
15037,2023-10-09 14:13:32,Bike Parking,Yes,1618
15038,2023-10-09 14:13:32,Wheelchair Accessible,Yes,1618
15039,2023-10-09 14:13:32,Price Range,Below Average,1618
15040,2023-10-09 14:13:32,By Appointment Only,No,1618
29820,2023-10-10 00:50:29,Parking,"Lot, Free",3722
29821,2023-10-10 00:50:29,Wheelchair Accessible,Yes,3722
39873,2023-10-10 08:44:33,Price Range,Above Average,5182
43091,2023-10-10 11:19:41,Parking,"Lot, Private",5616
43092,2023-10-10 11:19:41,Bike Parking,No,5616
43093,2023-10-10 11:19:41,Price Range,Average,5616
43094,2023-10-10 11:19:41,Wheelchair Accessible,Yes,5616
43095,2023-10-10 11:19:41,Specialties,"Coloring, Curly Hair",5616
43096,2023-10-10 11:19:41,By Appointment Only,Yes,5616
52547,2023-10-10 18:23:36,Bike Parking,Yes,6934
52548,2023-10-10 18:23:36,Wheelchair Accessible,Yes,6934
52549,2023-10-10 18:23:36,Price Range,Average,6934
52550,2023-10-10 18:23:36,By Appointment Only,Yes,6934
76129,2023-10-11 16:57:27,Bike Parking,Yes,10518
76130,2023-10-11 16:57:27,Price Range,Below Average,10518
76131,2023-10-11 16:57:27,Certifications,"Dermalogica, OPI, Paul Mitchell Partner School",10518
76132,2023-10-11 16:57:27,Parking,Lot,10518
76133,2023-10-11 16:57:27,By Appointment Only,No,10518
98335,2023-10-12 15:17:04,Certifications,Paul Mitchell The School,12995
98336,2023-10-12 15:17:04,Parking,Lot,12995
98337,2023-10-12 15:17:04,Bike Parking,Yes,12995
98338,2023-10-12 15:17:04,Price Range,Below Average,12995
98339,2023-10-12 15:17:04,By Appointment Only,Yes,12995
98824,2023-10-12 15:45:24,By Appointment Only,Yes,13090
102677,2023-10-12 19:33:48,Parking,"Lot, Private",13678
102678,2023-10-12 19:33:48,Bike Parking,Yes,13678
102679,2023-10-12 19:33:48,Wheelchair Accessible,Yes,13678
102680,2023-10-12 19:33:48,Price Range,Below Average,13678
102681,2023-10-12 19:33:48,By Appointment Only,No,13678
121389,2023-10-13 17:48:15,Parking,"Lot, On Site, Free",17730
121390,2023-10-13 17:48:15,Bike Parking,No,17730
121391,2023-10-13 17:48:15,Wheelchair Accessible,Yes,17730
121392,2023-10-13 17:48:15,Price Range,Average,17730
121393,2023-10-13 17:48:15,By Appointment Only,No,17730
130375,2023-10-14 09:46:51,Bike Parking,Yes,21074
130376,2023-10-14 09:46:51,Parking,"Lot, Private",21074
130377,2023-10-14 09:46:51,By Appointment Only,No,21074
138257,2023-10-15 03:22:23,Parking,"Lot, Private",23777
138258,2023-10-15 03:22:23,Bike Parking,Yes,23777
138259,2023-10-15 03:22:23,Price Range,Below Average,23777
138260,2023-10-15 03:22:23,Wheelchair Accessible,Yes,23777
138261,2023-10-15 03:22:23,By Appointment Only,Yes,23777
22533,2023-10-09 19:26:52,Wheelchair Accessible,Yes,60324
23965,2023-10-09 20:11:58,Bike Parking,Yes,60555
23966,2023-10-09 20:11:58,By Appointment Only,No,60555
23967,2023-10-09 20:11:58,Parking,"Lot, Private",60555
23968,2023-10-09 20:11:58,Specialties,"Extensions, African-American Hair, Kids' Hair",60555
23969,2023-10-09 20:11:58,Wheelchair Accessible,Yes,60555
24532,2023-10-09 20:33:59,Parking,Self,60650
43048,2023-10-10 11:18:23,Parking,"Garage, Street",64213
43049,2023-10-10 11:18:23,Price Range,Average,64213
43050,2023-10-10 11:18:23,Wheelchair Accessible,Yes,64213
44977,2023-10-10 12:52:50,Certifications,Aveda,64674
44978,2023-10-10 12:52:50,Parking,Street,64674
44979,2023-10-10 12:52:50,Bike Parking,Yes,64674
44980,2023-10-10 12:52:50,Wheelchair Accessible,Yes,64674
44981,2023-10-10 12:52:50,Price Range,Below Average,64674
44982,2023-10-10 12:52:50,By Appointment Only,No,64674
50917,2023-10-10 17:19:56,Price Range,Average,66089
50918,2023-10-10 17:19:56,Wheelchair Accessible,Yes,66089
50919,2023-10-10 17:19:56,Bike Parking,Yes,66089
50920,2023-10-10 17:19:56,Parking,"Street, Lot, Private",66089
62205,2023-10-11 07:22:16,Parking,"Lot, Private",69667
62206,2023-10-11 07:22:16,Bike Parking,No,69667
62207,2023-10-11 07:22:16,Wheelchair Accessible,Yes,69667
79371,2023-10-11 19:38:12,Parking,"Lot, Free",73844
79372,2023-10-11 19:38:12,Bike Parking,No,73844
94296,2023-10-12 11:17:28,Bike Parking,Yes,76010
94297,2023-10-12 11:17:28,Parking,"Street, Lot, Private",76010
94298,2023-10-12 11:17:28,Wheelchair Accessible,Yes,76010
106762,2023-10-12 22:37:49,Parking,"Lot, Private",79664
106763,2023-10-12 22:37:49,Wheelchair Accessible,No,79664
106764,2023-10-12 22:37:49,Price Range,Below Average,79664
106765,2023-10-12 22:37:49,By Appointment Only,Yes,79664
107767,2023-10-12 23:12:26,Price Range,Above Average,79959
21575,2023-10-09 18:43:52,Parking,"Street, Free, Private",85378
21576,2023-10-09 18:43:52,Bike Parking,Yes,85378
21577,2023-10-09 18:43:52,Price Range,Below Average,85378
21578,2023-10-09 18:43:52,By Appointment Only,Yes,85378
28379,2023-10-09 23:46:11,Parking,"Lot, Free",87248
28380,2023-10-09 23:46:11,Wheelchair Accessible,Yes,87248
39962,2023-10-10 08:47:02,Parking,"Lot, Private",90449
39963,2023-10-10 08:47:02,Bike Parking,Yes,90449
39964,2023-10-10 08:47:02,Wheelchair Accessible,Yes,90449
39965,2023-10-10 08:47:02,Price Range,Below Average,90449
39966,2023-10-10 08:47:02,By Appointment Only,No,90449
55011,2023-10-10 21:15:55,Parking,Lot,95236
56742,2023-10-10 23:35:42,Price Range,Above Average,96276
69012,2023-10-11 11:18:15,Parking,Street,100203
69013,2023-10-11 11:18:15,Bike Parking,Yes,100203
69014,2023-10-11 11:18:15,Wheelchair Accessible,Yes,100203
69015,2023-10-11 11:18:15,By Appointment Only,No,100203
69016,2023-10-11 11:18:15,Pets Allowed,No,100203
76508,2023-10-11 17:17:03,Specialties,"Extensions, African-American Hair, Perms, Straight Perms, Curly Hair, Coloring, Kids' Hair",102663
76509,2023-10-11 17:17:03,Parking,"Validated, Lot, Private",102663
76510,2023-10-11 17:17:03,Bike Parking,Yes,102663
76511,2023-10-11 17:17:03,Price Range,Below Average,102663
76512,2023-10-11 17:17:03,By Appointment Only,No,102663
76538,2023-10-11 17:17:38,Parking,"Lot, Private",102669
76539,2023-10-11 17:17:38,Bike Parking,Yes,102669
76540,2023-10-11 17:17:38,Wheelchair Accessible,Yes,102669
76541,2023-10-11 17:17:38,Price Range,Average,102669
76542,2023-10-11 17:17:38,By Appointment Only,No,102669
111581,2023-10-13 04:00:28,Parking,Lot,114564
112308,2023-10-13 04:24:40,Parking,"Lot, Private",114761
112309,2023-10-13 04:24:40,Price Range,Below Average,114761
31131,2023-10-10 01:23:05,Parking,Lot,129866
32926,2023-10-10 03:01:51,Parking,"Paid, Garage, Street",130334
32927,2023-10-10 03:01:51,Bike Parking,Yes,130334
32928,2023-10-10 03:01:51,Wheelchair Accessible,Yes,130334
32929,2023-10-10 03:01:51,Price Range,Below Average,130334
41075,2023-10-10 09:27:02,Specialties,"Extensions, Asian Hair, African-American Hair, Perms, Straight Perms, Curly Hair, Coloring, Kids' Hair",132314
41076,2023-10-10 09:27:02,Parking,Lot,132314
41077,2023-10-10 09:27:02,Bike Parking,Yes,132314
41078,2023-10-10 09:27:02,Price Range,Below Average,132314
41079,2023-10-10 09:27:02,By Appointment Only,No,132314
44240,2023-10-10 12:17:53,Bike Parking,No,132762
44241,2023-10-10 12:17:53,Parking,"Lot, Private",132762
44242,2023-10-10 12:17:53,Wheelchair Accessible,Yes,132762
44243,2023-10-10 12:17:53,By Appointment Only,No,132762
54967,2023-10-10 21:13:19,Specialties,"Asian Hair, African-American Hair, Perms, Straight Perms, Curly Hair, Coloring, Kids' Hair",134262
54968,2023-10-10 21:13:19,Parking,"Lot, Private",134262
54969,2023-10-10 21:13:19,Bike Parking,Yes,134262
54970,2023-10-10 21:13:19,Wheelchair Accessible,Yes,134262
54971,2023-10-10 21:13:19,Price Range,Below Average,134262
54972,2023-10-10 21:13:19,By Appointment Only,No,134262
56739,2023-10-10 23:35:31,Parking,Lot,135272
57888,2023-10-11 00:59:13,Parking,"Lot, Private",135549
57889,2023-10-11 00:59:13,Bike Parking,No,135549
57890,2023-10-11 00:59:13,Wheelchair Accessible,Yes,135549
57891,2023-10-11 00:59:13,By Appointment Only,No,135549
73913,2023-10-11 15:10:48,Bike Parking,No,142024
73914,2023-10-11 15:10:48,Price Range,Below Average,142024
73915,2023-10-11 15:10:48,By Appointment Only,No,142024
92281,2023-10-12 09:34:38,Parking,"Lot, Private",144875
92282,2023-10-12 09:34:38,Bike Parking,Yes,144875
92283,2023-10-12 09:34:38,By Appointment Only,Yes,144875
92284,2023-10-12 09:34:38,Good for Kids,Yes,144875
115713,2023-10-13 08:51:12,Wheelchair Accessible,Yes,155207
117458,2023-10-13 11:09:37,Parking,"Self, On Site, Free",156010
117459,2023-10-13 11:09:37,Wheelchair Accessible,Yes,156010
144885,2023-10-18 20:24:05,Bike Parking,No,173284
144886,2023-10-18 20:24:05,Price Range,Below Average,173284
144887,2023-10-18 20:24:05,By Appointment Only,No,173284
150664,2023-10-19 06:02:33,Parking,"Self, On Site, Free, Private",179023
150665,2023-10-19 06:02:33,Wheelchair Accessible,Yes,179023
155761,2023-10-19 16:39:37,Parking,Lot,183391
157627,2023-10-20 05:58:06,Wheelchair Accessible,Yes,185760
157628,2023-10-20 05:58:06,Parking,Street,185760
157629,2023-10-20 05:58:06,By Appointment Only,Yes,185760
167189,2023-10-21 10:31:29,Parking,"Lot, Free",194547
167190,2023-10-21 10:31:29,Wheelchair Accessible,Yes,194547
2778,2023-10-09 06:34:08,Parking,"Street, Lot, Private",201350
2779,2023-10-09 06:34:08,Bike Parking,No,201350
14729,2023-10-09 13:56:24,Parking,Lot,205639
50009,2023-10-10 16:40:40,Parking,"Street, Self, On Site, Free",221682
77767,2023-10-11 18:00:32,Bike Parking,Yes,229765
77768,2023-10-11 18:00:32,Parking,Street,229765
77769,2023-10-11 18:00:32,By Appointment Only,Yes,229765
101717,2023-10-12 18:27:15,By Appointment Only,Yes,241882
107700,2023-10-12 23:10:43,Price Range,Average,243666
107701,2023-10-12 23:10:43,Wheelchair Accessible,Yes,243666
107702,2023-10-12 23:10:43,Bike Parking,Yes,243666
107703,2023-10-12 23:10:43,By Appointment Only,No,243666
107704,2023-10-12 23:10:43,Parking,Lot,243666
126427,2023-10-14 00:19:53,Parking,"Lot, Private",252429
126428,2023-10-14 00:19:53,Bike Parking,No,252429
126429,2023-10-14 00:19:53,By Appointment Only,No,252429
146608,2023-10-18 23:39:33,Wheelchair Accessible,Yes,267212
146609,2023-10-18 23:39:33,Bike Parking,Yes,267212
148742,2023-10-19 02:16:42,Parking,"Lot, Private",268467
148743,2023-10-19 02:16:42,Bike Parking,Yes,268467
148744,2023-10-19 02:16:42,Wheelchair Accessible,Yes,268467
148745,2023-10-19 02:16:42,Price Range,Below Average,268467
148746,2023-10-19 02:16:42,By Appointment Only,No,268467
149316,2023-10-19 03:55:54,Price Range,Below Average,268990
150144,2023-10-19 04:58:24,Parking,Lot,269450
150145,2023-10-19 04:58:24,Bike Parking,Yes,269450
150999,2023-10-19 06:38:55,Parking,Lot,269869
152662,2023-10-19 11:13:56,Parking,Lot,271222
152663,2023-10-19 11:13:56,By Appointment Only,No,271222
153570,2023-10-19 12:25:08,Parking,Lot,271687
154941,2023-10-19 14:26:32,Bike Parking,No,273337
154942,2023-10-19 14:26:32,Parking,"Lot, Private",273337
154943,2023-10-19 14:26:32,Wheelchair Accessible,Yes,273337
154944,2023-10-19 14:26:32,By Appointment Only,No,273337
154945,2023-10-19 14:26:32,Specialties,"Extensions, Straight Perms, Coloring, Curly Hair",273337
157740,2023-10-20 06:33:39,Parking,Lot,276064
163620,2023-10-21 00:43:08,Parking,Lot,283080
164911,2023-10-21 03:38:30,Certifications,"Repechage, OPI, Paul Mitchell",283993
164912,2023-10-21 03:38:30,Parking,Street,283993
164913,2023-10-21 03:38:30,Bike Parking,Yes,283993
164914,2023-10-21 03:38:30,Wheelchair Accessible,Yes,283993
164915,2023-10-21 03:38:30,Price Range,Below Average,283993
164916,2023-10-21 03:38:30,By Appointment Only,No,283993
167316,2023-10-21 10:54:45,Parking,"Lot, Private",285808
167317,2023-10-21 10:54:45,Price Range,Average,285808
167318,2023-10-21 10:54:45,Bike Parking,No,285808
167319,2023-10-21 10:54:45,By Appointment Only,No,285808
169543,2023-10-21 17:59:06,Parking,Lot,287419
173689,2023-10-22 06:36:07,Bike Parking,Yes,294371
184886,2023-10-24 10:25:13,Certifications,"National Accrediting Comission of Cosmetology Arts & Science, Paul Mitchell",324508
184887,2023-10-24 10:25:13,Parking,On Site,324508
184888,2023-10-24 10:25:13,Wheelchair Accessible,Yes,324508
184889,2023-10-24 10:25:13,By Appointment Only,No,324508
193394,2023-10-25 03:47:32,Parking,"Lot, Private",333032
193395,2023-10-25 03:47:32,Bike Parking,No,333032
193396,2023-10-25 03:47:32,Wheelchair Accessible,Yes,333032
193397,2023-10-25 03:47:32,Price Range,Below Average,333032
193398,2023-10-25 03:47:32,By Appointment Only,No,333032
201525,2023-10-25 19:51:41,Bike Parking,No,337681
201526,2023-10-25 19:51:41,Parking,Lot,337681
189404,2023-10-24 21:08:25,Parking,"Lot, Private",339573
192904,2023-10-25 02:31:16,Specialties,"Extensions, Asian Hair, African-American Hair, Perms, Straight Perms, Curly Hair, Coloring, Kids' Hair",341147
192905,2023-10-25 02:31:16,Parking,"Street, Validated, Lot, Private",341147
192906,2023-10-25 02:31:16,Bike Parking,Yes,341147
192907,2023-10-25 02:31:16,Wheelchair Accessible,Yes,341147
192908,2023-10-25 02:31:16,Price Range,Below Average,341147
192909,2023-10-25 02:31:16,By Appointment Only,No,341147
193583,2023-10-25 04:14:40,Wheelchair Accessible,Yes,341578
193584,2023-10-25 04:14:40,Parking,Garage,341578
193585,2023-10-25 04:14:40,Bike Parking,Yes,341578
193586,2023-10-25 04:14:40,By Appointment Only,Yes,341578
204871,2023-10-26 00:08:09,Parking,"Lot, Private",347416
204872,2023-10-26 00:08:09,Bike Parking,Yes,347416
204873,2023-10-26 00:08:09,By Appointment Only,No,347416
206106,2023-10-26 01:45:18,Certifications,Professional Beauty Association.,348054
206107,2023-10-26 01:45:18,Parking,Garage,348054
206108,2023-10-26 01:45:18,Bike Parking,Yes,348054
206109,2023-10-26 01:45:18,Wheelchair Accessible,Yes,348054
206110,2023-10-26 01:45:18,Price Range,Below Average,348054
206111,2023-10-26 01:45:18,By Appointment Only,Yes,348054
19112,2023-10-09 17:16:54,Wheelchair Accessible,Yes,353958
19113,2023-10-09 17:16:54,By Appointment Only,No,353958
28202,2023-10-09 23:36:47,Specialties,"Extensions, Asian Hair, African-American Hair, Perms, Straight Perms, Curly Hair, Coloring, Kids' Hair",356849
28203,2023-10-09 23:36:47,Parking,"Lot, Private",356849
28204,2023-10-09 23:36:47,Bike Parking,Yes,356849
28205,2023-10-09 23:36:47,By Appointment Only,No,356849
31720,2023-10-10 01:52:02,By Appointment Only,No,357681
31721,2023-10-10 01:52:02,Good for Kids,Yes,357681
68937,2023-10-11 11:12:25,Parking,"Lot, Private",379151
68938,2023-10-11 11:12:25,Bike Parking,Yes,379151
68939,2023-10-11 11:12:25,Price Range,Above Average,379151
68940,2023-10-11 11:12:25,By Appointment Only,Yes,379151
124182,2023-10-13 22:32:01,Parking,"Lot, Free",419298
124183,2023-10-13 22:32:01,Wheelchair Accessible,Yes,419298
140344,2023-10-15 07:24:05,Parking,"Lot, Private",446296
140345,2023-10-15 07:24:05,Wheelchair Accessible,No,446296
140346,2023-10-15 07:24:05,Price Range,Average,446296
140347,2023-10-15 07:24:05,By Appointment Only,No,446296
140348,2023-10-15 07:24:05,Services,Liposuction,446296
144487,2023-10-18 19:33:25,Parking,Lot,448471
145485,2023-10-18 21:00:57,Parking,"Lot, Private",449068
145486,2023-10-18 21:00:57,Wheelchair Accessible,Yes,449068
145487,2023-10-18 21:00:57,By Appointment Only,No,449068
153214,2023-10-19 11:57:36,Certifications,"Paul Mitchell, Paul Mitchell Partner School, Awapuhi By Paul Mitchell",457983
153215,2023-10-19 11:57:36,Parking,"Street, Lot, Private",457983
153216,2023-10-19 11:57:36,Bike Parking,Yes,457983
153217,2023-10-19 11:57:36,Wheelchair Accessible,Yes,457983
153218,2023-10-19 11:57:36,Price Range,Below Average,457983
153219,2023-10-19 11:57:36,By Appointment Only,No,457983
155115,2023-10-19 14:49:03,Specialties,"Asian Hair, Perms, Straight Perms, Coloring, Kids' Hair",458807
155116,2023-10-19 14:49:03,Wheelchair Accessible,Yes,458807
160312,2023-10-20 14:48:57,Parking,Street,463453
160313,2023-10-20 14:48:57,Bike Parking,Yes,463453
160314,2023-10-20 14:48:57,Wheelchair Accessible,Yes,463453
160315,2023-10-20 14:48:57,By Appointment Only,Yes,463453
162206,2023-10-20 21:30:48,Parking,"Lot, Free",464842
162207,2023-10-20 21:30:48,Wheelchair Accessible,Yes,464842
162316,2023-10-20 21:55:30,Specialties,"Extensions, Perms, Straight Perms, Curly Hair, Coloring, Kids' Hair",464941
162317,2023-10-20 21:55:30,Parking,"Lot, Private",464941
162318,2023-10-20 21:55:30,Wheelchair Accessible,Yes,464941
162319,2023-10-20 21:55:30,By Appointment Only,Yes,464941
163627,2023-10-21 00:45:11,Specialties,"Asian Hair, Perms, Straight Perms, Curly Hair, Coloring, Kids' Hair",465506
163628,2023-10-21 00:45:11,Parking,"Lot, Private",465506
163629,2023-10-21 00:45:11,Bike Parking,Yes,465506
163630,2023-10-21 00:45:11,Wheelchair Accessible,Yes,465506
163631,2023-10-21 00:45:11,Price Range,Below Average,465506
163632,2023-10-21 00:45:11,By Appointment Only,No,465506
167728,2023-10-21 12:16:47,Specialties,"Perms, Straight Perms, Curly Hair, Coloring",468413
167729,2023-10-21 12:16:47,Certifications,"Paul Mitchell Partner School, Mitch by Paul Mitchell, Awapuhi By Paul Mitchell",468413
167730,2023-10-21 12:16:47,Parking,"Lot, Private",468413
167731,2023-10-21 12:16:47,Price Range,Average,468413
167732,2023-10-21 12:16:47,By Appointment Only,No,468413
182679,2023-10-24 00:15:07,Parking,"Lot, Free",481835
182680,2023-10-24 00:15:07,Bike Parking,Yes,481835
182681,2023-10-24 00:15:07,Wheelchair Accessible,Yes,481835
182682,2023-10-24 00:15:07,Pets Allowed,No,481835
184957,2023-10-24 10:39:30,Parking,"Lot, Self, On Site, Free",483991
184958,2023-10-24 10:39:30,Wheelchair Accessible,Yes,483991
185502,2023-10-24 13:59:08,Wheelchair Accessible,Yes,485908
188196,2023-10-24 19:25:20,Parking,Free,489347
188197,2023-10-24 19:25:20,Bike Parking,Yes,489347
188198,2023-10-24 19:25:20,Wheelchair Accessible,Yes,489347
188199,2023-10-24 19:25:20,By Appointment Only,No,489347
190446,2023-10-24 22:53:59,Wheelchair Accessible,Yes,489995
190447,2023-10-24 22:53:59,Specialties,"Extensions, Asian Hair, African-American Hair, Perms, Straight Perms, Curly Hair, Coloring, Kids' Hair",489995
190448,2023-10-24 22:53:59,Parking,"Lot, Private",489995
190526,2023-10-24 23:04:44,Parking,Street,490020
190527,2023-10-24 23:04:44,Bike Parking,Yes,490020
190528,2023-10-24 23:04:44,Wheelchair Accessible,Yes,490020
190529,2023-10-24 23:04:44,Price Range,Below Average,490020
190530,2023-10-24 23:04:44,By Appointment Only,No,490020
206691,2023-10-26 02:42:32,Specialties,"Extensions, Asian Hair, African-American Hair, Perms, Straight Perms, Curly Hair, Coloring",497762
206692,2023-10-26 02:42:32,Parking,"Street, Lot, Private",497762
206693,2023-10-26 02:42:32,Wheelchair Accessible,Yes,497762
206694,2023-10-26 02:42:32,By Appointment Only,No,497762
209893,2023-10-26 10:44:05,Wheelchair Accessible,Yes,502133
209894,2023-10-26 10:44:05,Parking,"Lot, Free",502133
214206,2023-10-26 23:12:19,Price Range,Above Average,506971
216426,2023-10-27 04:52:35,Price Range,Average,516358
217479,2023-10-27 09:00:04,Parking,"Lot, Self",517301
217480,2023-10-27 09:00:04,Wheelchair Accessible,Yes,517301
187013,2023-10-24 17:38:01,Bike Parking,No,520392
187014,2023-10-24 17:38:01,Parking,"Lot, Private",520392
187015,2023-10-24 17:38:01,By Appointment Only,No,520392
195276,2023-10-25 07:45:38,Parking,"Lot, Free",526207
195277,2023-10-25 07:45:38,Wheelchair Accessible,Yes,526207
197706,2023-10-25 11:37:24,Bike Parking,Yes,528693
206830,2023-10-26 03:11:07,Bike Parking,Yes,545548
206831,2023-10-26 03:11:07,Parking,Street,545548
206832,2023-10-26 03:11:07,By Appointment Only,No,545548
212598,2023-10-26 20:00:48,Wheelchair Accessible,Yes,555541
212599,2023-10-26 20:00:48,Parking,Lot,555541
214436,2023-10-26 23:45:17,Bike Parking,No,556449
214437,2023-10-26 23:45:17,Parking,Lot,556449
214438,2023-10-26 23:45:17,By Appointment Only,Yes,556449
218863,2023-10-27 12:47:03,Parking,On Site,559856
218864,2023-10-27 12:47:03,Wheelchair Accessible,Yes,559856
218865,2023-10-27 12:47:03,Price Range,Average,559856
218866,2023-10-27 12:47:03,By Appointment Only,Yes,559856
218901,2023-10-27 12:49:27,Specialties,"Extensions, Asian Hair, African-American Hair, Perms, Straight Perms, Curly Hair, Coloring, Kids' Hair",559876
218902,2023-10-27 12:49:27,Parking,"Lot, Private",559876
218903,2023-10-27 12:49:27,Bike Parking,No,559876
218904,2023-10-27 12:49:27,Wheelchair Accessible,Yes,559876
218905,2023-10-27 12:49:27,By Appointment Only,Yes,559876
193749,2023-10-25 04:32:55,Parking,"Lot, Free",565553
193750,2023-10-25 04:32:55,Bike Parking,Yes,565553
193751,2023-10-25 04:32:55,Wheelchair Accessible,Yes,565553
195920,2023-10-25 08:47:50,Bike Parking,Yes,567512
195921,2023-10-25 08:47:50,Parking,"Lot, Private",567512
195922,2023-10-25 08:47:50,Wheelchair Accessible,Yes,567512
195923,2023-10-25 08:47:50,By Appointment Only,Yes,567512
195924,2023-10-25 08:47:50,Price Range,Average,567512
196368,2023-10-25 09:03:58,Parking,On Site,567589
196369,2023-10-25 09:03:58,Bike Parking,Yes,567589
196370,2023-10-25 09:03:58,Wheelchair Accessible,Yes,567589
196371,2023-10-25 09:03:58,Price Range,Below Average,567589
196372,2023-10-25 09:03:58,By Appointment Only,No,567589
196373,2023-10-25 09:03:58,Good for Kids,Yes,567589
202472,2023-10-25 20:45:50,Parking,"Garage, Street",570294
202473,2023-10-25 20:45:50,Bike Parking,No,570294
202474,2023-10-25 20:45:50,Wheelchair Accessible,Yes,570294
202581,2023-10-25 20:55:15,Parking,On Site,570306
202582,2023-10-25 20:55:15,Bike Parking,Yes,570306
202583,2023-10-25 20:55:15,Wheelchair Accessible,Yes,570306
202584,2023-10-25 20:55:15,Price Range,Below Average,570306
202585,2023-10-25 20:55:15,By Appointment Only,No,570306
213370,2023-10-26 21:18:31,Bike Parking,Yes,575708
213371,2023-10-26 21:18:31,Wheelchair Accessible,Yes,575708
