id,ts,category
1,2023-10-09 05:10:55,Beauty Salons
3,2023-10-09 05:17:38,Cosmetologists
4,2023-10-09 05:17:38,Day Spas
5,2023-10-09 05:17:38,Hair Removal
6,2023-10-09 05:17:38,Hair Stylists
7,2023-10-09 05:17:38,Nail Salons
8,2023-10-09 05:17:51,Hair Supplies & Accessories
9,2023-10-09 05:17:51,Barbers
11,2023-10-09 05:17:51,Beauty Supplies & Equipment
12,2023-10-09 05:17:51,Hair Replacement
13,2023-10-09 05:17:51,Wigs & Hair Pieces
20,2023-10-09 05:18:10,Permanent Make-Up
22,2023-10-09 05:18:10,Cosmetic Services
23,2023-10-09 05:18:10,Electrolysis
25,2023-10-09 05:18:10,Lab Equipment & Supplies
27,2023-10-09 05:18:10,Wax
34,2023-10-09 05:19:18,Beauty Salon Equipment & Supplies
36,2023-10-09 05:19:18,Cosmetics & Perfumes
40,2023-10-09 05:19:36,Skin Care
47,2023-10-09 05:19:51,Wedding Supplies & Services
48,2023-10-09 05:19:51,Tattoos
69,2023-10-09 05:20:11,Health Resorts
70,2023-10-09 05:20:11,Massage Services
71,2023-10-09 05:20:11,Massage Therapists
75,2023-10-09 05:20:11,Tanning Salons
83,2023-10-09 05:20:20,Boutique Items
88,2023-10-09 05:20:29,Hair Braiding
92,2023-10-09 05:20:29,Hair Weaving
153,2023-10-09 05:24:22,Make-Up Artists
276,2023-10-09 05:27:54,Beauty Salons-Equipment & Supplies-Wholesale & Manufacturers
361,2023-10-09 05:29:53,Beauty Schools
374,2023-10-09 05:29:58,Health & Wellness Products
384,2023-10-09 05:30:10,"Physicians & Surgeons, Weight Loss Management"
497,2023-10-09 05:31:29,Tourist Information & Attractions
500,2023-10-09 05:31:29,Places Of Interest
639,2023-10-09 05:33:44,Dentists
799,2023-10-09 05:41:12,Physical Therapists
956,2023-10-09 05:44:37,Medical Spas
957,2023-10-09 05:44:37,Physicians & Surgeons
958,2023-10-09 05:44:37,"Physicians & Surgeons, Dermatology"
1920,2023-10-09 06:04:53,Body Wrap Salons
2058,2023-10-09 06:06:14,General Contractors
2500,2023-10-09 06:11:58,Clinics
2591,2023-10-09 06:13:39,Clothing Stores
4083,2023-10-09 06:32:25,Barber Schools
4306,2023-10-09 06:34:45,Cosmetics-Wholesale & Manufacturers
4485,2023-10-09 06:37:59,Clothing Alterations
5006,2023-10-09 06:55:13,Massage Schools
5301,2023-10-09 07:05:26,Fashion Consultants
5617,2023-10-09 07:16:01,Schools
7386,2023-10-09 07:55:37,Barbers Equipment & Supplies
7864,2023-10-09 08:01:58,Fine Art Artists
7867,2023-10-09 08:01:58,Business & Vocational Schools
9246,2023-10-09 08:23:29,Women's Fashion Accessories
9700,2023-10-09 08:37:49,Real Estate Agents
14937,2023-10-09 11:04:27,Educational Services
14941,2023-10-09 11:04:27,Preschools & Kindergarten
19569,2023-10-09 13:05:10,Real Estate Management
21961,2023-10-09 13:43:59,Children's Party Planning & Entertainment
23262,2023-10-09 14:13:32,Adult Education
23265,2023-10-09 14:13:32,"Industrial, Technical & Trade Schools"
23627,2023-10-09 14:19:55,Child Care
25165,2023-10-09 14:56:54,Beauty Salon Equipment Repair
28923,2023-10-09 16:25:53,Business & Vocational Management Schools
28925,2023-10-09 16:25:53,Colleges & Universities
43461,2023-10-09 21:17:38,Health & Diet Food Products
46756,2023-10-09 22:29:16,Polishes
53353,2023-10-10 01:01:34,Nails & Tacks
57575,2023-10-10 02:30:40,Government Consultants
68908,2023-10-10 06:32:01,Educational Consultants
69890,2023-10-10 06:47:23,Professional Organizations
73634,2023-10-10 08:22:28,Public Schools
111055,2023-10-11 00:20:34,Orthodontists
122909,2023-10-11 07:06:54,Dry Cleaners & Laundries
203928,2023-10-12 20:00:53,Computer Online Services
233974,2023-10-13 08:24:15,Child Care Consultants
233977,2023-10-13 08:24:15,Elementary Schools
233980,2023-10-13 08:24:15,High Schools
257585,2023-10-13 22:17:58,Building Specialties
289707,2023-10-15 01:43:40,Training Consultants
295298,2023-10-15 05:34:11,Magazines
295301,2023-10-15 05:34:11,Magazine Distributors
295302,2023-10-15 05:34:11,Magazine Subscription Agents
311076,2023-10-18 22:42:03,Drapery & Curtain Cleaners
311083,2023-10-18 22:42:03,Wedding Tailoring & Alterations
323739,2023-10-19 06:02:33,Loans
323740,2023-10-19 06:02:33,Mortgages
323741,2023-10-19 06:02:33,Real Estate Loans
493095,2023-10-26 20:00:48,Employment Training
495136,2023-10-26 21:33:58,School Supplies & Services
