id,ts,source_url,source_content_type,hash_file_content,size,path,title,image_slug_id,beauty_salon_id
176,2023-10-29 17:33:40,https://i3.ypcdn.com/blob/7481da900c737fc7158fa90b1c721a0801222cc7_640.jpg,image/jpeg,78002b049783dad34850f8171711de000472269b,209236,/78/00/2b/04/78002b049783dad34850f8171711de000472269b.jpg,,70,29
183,2023-10-29 17:35:37,https://i3.ypcdn.com/blob/863e38ef62ff6a6d7f66c571f772b13d31cd6365_640.jpg,image/jpeg,0e567bd1e51c57e46f3b50d1d028a146b1895155,249536,/0e/56/7b/d1/0e567bd1e51c57e46f3b50d1d028a146b1895155.jpg,,71,29
188,2023-10-29 17:36:18,https://i1.ypcdn.com/blob/4ce381fb1d98d29d71eea48adbd5ac72c54c129d_640.jpg,image/jpeg,ec81b5771b371d6547510787d958d63fae8f8f62,242600,/ec/81/b5/77/ec81b5771b371d6547510787d958d63fae8f8f62.jpg,,72,29
194,2023-10-29 17:41:04,https://i1.ypcdn.com/blob/05efb5dfb3a8887cf2de4b25c5b97f2e04209843_640.jpg,image/jpeg,c8b31c8e7329843753b6c9e18c1370b68422e4a0,291639,/c8/b3/1c/8e/c8b31c8e7329843753b6c9e18c1370b68422e4a0.jpg,,73,29
11841,2023-10-31 00:34:52,https://i1.ypcdn.com/blob/b7f02207adee5779b9d2422ac57abd0de935d6b7_640.jpg,image/jpeg,fee6702107b41dbedafe0ce92564eab6093fc36f,222536,/fe/e6/70/21/fee6702107b41dbedafe0ce92564eab6093fc36f.jpg,,4108,1618
11843,2023-10-31 00:35:02,https://i4.ypcdn.com/blob/08d0d1f33366e6c5e942fb432ec84a26ab416c6e_640.jpg,image/jpeg,120ccbc2b1798aaba7fb8fcbbe3cbd124442a538,219848,/12/0c/cb/c2/120ccbc2b1798aaba7fb8fcbbe3cbd124442a538.jpg,,4109,1618
11847,2023-10-31 00:35:14,https://i2.ypcdn.com/blob/c095d76ea8ae89b3ff720b349b1b6ddf167c103b_640.jpg,image/jpeg,75d2e234e929208404e529653d40650b39137cf2,107201,/75/d2/e2/34/75d2e234e929208404e529653d40650b39137cf2.jpg,,4110,1618
15411,2023-10-31 10:40:26,https://i1.ypcdn.com/blob/8b577a9b37ad6e7e78169bff4ae2cda058db6e76_640.jpg,image/jpeg,5112a280186b30a11baa258a089ff95b6dbadfdd,204061,/51/12/a2/80/5112a280186b30a11baa258a089ff95b6dbadfdd.jpg,,5360,2212
15417,2023-10-31 10:41:14,https://i1.ypcdn.com/blob/261eb6ef7639e50473bce110ccadaa7f22aefc8b_640.jpg,image/jpeg,6443b04faf3c80e16adf07e0bc9393e1febdb460,249656,/64/43/b0/4f/6443b04faf3c80e16adf07e0bc9393e1febdb460.jpg,,5361,2212
15421,2023-10-31 10:41:22,https://i4.ypcdn.com/blob/441f9316de9c1a5ae6c61be05ed8463e22fc93fd_640.jpg,image/jpeg,0ba255b3753729f4d6bb3c99452fe02c7478e90a,229090,/0b/a2/55/b3/0ba255b3753729f4d6bb3c99452fe02c7478e90a.jpg,,5362,2212
15422,2023-10-31 10:41:37,https://i3.ypcdn.com/blob/7886a503d90c87ecabc8f3c04f31198c832a2747_640.jpg,image/jpeg,cb512437fd129da1fcba58daf0b9f30cd3e45ed4,179320,/cb/51/24/37/cb512437fd129da1fcba58daf0b9f30cd3e45ed4.jpg,,5363,2212
24202,2023-11-01 19:03:57,https://i3.ypcdn.com/blob/b2b0e59c7feb5e78a5b64e0f9d1c9e0531603f4e_640.jpg,image/jpeg,48dd388ebcdfac97e4888592b12960aa77576246,62252,/48/dd/38/8e/48dd388ebcdfac97e4888592b12960aa77576246.jpg,,8544,3722
24209,2023-11-01 19:04:54,https://i2.ypcdn.com/blob/2ded4252082cbb579bbc8d2f4dd0e4065f643c40_640.jpg,image/jpeg,e24c7760517c9841e9d6f4b15f41357fba69af75,230361,/e2/4c/77/60/e24c7760517c9841e9d6f4b15f41357fba69af75.jpg,,8545,3722
24211,2023-11-01 19:05:18,https://i3.ypcdn.com/blob/cb2303d5a12cbe77966fd98462981231804c12a9_640.jpg,image/jpeg,208f4540627e86c12765e72e7fa970d4aa31fb4a,200873,/20/8f/45/40/208f4540627e86c12765e72e7fa970d4aa31fb4a.jpg,,8546,3722
33816,2023-11-03 02:17:09,https://i4.ypcdn.com/blob/ebe22dc957ab9c452dacc3ae50cfdf0d7c43895c_640.jpg,image/jpeg,535e0b844f2c28254c05594df666eb23e6e71c2a,143916,/53/5e/0b/84/535e0b844f2c28254c05594df666eb23e6e71c2a.jpg,,11932,5070
33820,2023-11-03 02:17:18,https://i2.ypcdn.com/blob/210d9d3532710132025f5484d6d05d3e753fd264_640.jpg,image/jpeg,d0052c4072770f0a85392b06bbb83c965fd4b8ad,218289,/d0/05/2c/40/d0052c4072770f0a85392b06bbb83c965fd4b8ad.jpg,,11933,5070
33821,2023-11-03 02:17:26,https://i1.ypcdn.com/blob/8f2b549b27d461f92f709117cd4075020790e75d_640.jpg,image/jpeg,4780999e53f546b2fb863736b6d1eb00b9964530,109784,/47/80/99/9e/4780999e53f546b2fb863736b6d1eb00b9964530.jpg,,11934,5070
33827,2023-11-03 02:18:08,https://i2.ypcdn.com/blob/46ced9f996d0c452015c8733af2389b360c8cd9a_640.jpg,image/jpeg,5def4fb882e4df6c52f5fb2022228e3fb20affad,113755,/5d/ef/4f/b8/5def4fb882e4df6c52f5fb2022228e3fb20affad.jpg,,11935,5070
34669,2023-11-03 03:37:58,https://i4.ypcdn.com/blob/1d3f9e7263f50a55143010d2ba47cb0fe5d42325_640.jpg,image/jpeg,595dceae4c8d3459cfc4a56c0de88e94e3522f03,288913,/59/5d/ce/ae/595dceae4c8d3459cfc4a56c0de88e94e3522f03.jpg,,12198,5182
34674,2023-11-03 03:38:19,https://i3.ypcdn.com/blob/0fcae18868f4fdd663a9e9793a793a9f9228c4ec_640.jpg,image/jpeg,fb003791a61d75b017e63be3feb6aa484926f4f8,278222,/fb/00/37/91/fb003791a61d75b017e63be3feb6aa484926f4f8.jpg,,12199,5182
34677,2023-11-03 03:38:33,https://i1.ypcdn.com/blob/d8a5433338cff10061268b063351826d1244368c_640.jpg,image/jpeg,1499be1da0e4d30951dd85b47d459bb8aff139f5,288456,/14/99/be/1d/1499be1da0e4d30951dd85b47d459bb8aff139f5.jpg,,12200,5182
34679,2023-11-03 03:38:53,https://i1.ypcdn.com/blob/c855a9d8cc4f6aa4650c043a117ed10d3d2bcc8c_640.jpg,image/jpeg,508dea3dc2550e490f30b60da9944e94eda21d29,146738,/50/8d/ea/3d/508dea3dc2550e490f30b60da9944e94eda21d29.jpg,,12201,5182
46169,2023-11-03 23:09:53,https://i4.ypcdn.com/blob/e91564a74e96e916a6fe3d0e34d84f93cf5872bd_640.jpg,image/jpeg,ece7c1ae4fff80af594d03405da4ca5bcd27d475,97653,/ec/e7/c1/ae/ece7c1ae4fff80af594d03405da4ca5bcd27d475.jpg,,16026,6934
46171,2023-11-03 23:10:06,https://i4.ypcdn.com/blob/95cf6768c2acc62537ea4d291fc664d532df1b9a_640.jpg,image/jpeg,d48dfcb1ac49cefca0b69af77bb89233b28fe5d5,109592,/d4/8d/fc/b1/d48dfcb1ac49cefca0b69af77bb89233b28fe5d5.jpg,,16027,6934
46173,2023-11-03 23:10:12,https://i2.ypcdn.com/blob/2b56589024491f78cef87b6f8665a25945fe345e_640.jpg,image/jpeg,02ca6692e99550a973cc8f1144e1877f10d1c597,113376,/02/ca/66/92/02ca6692e99550a973cc8f1144e1877f10d1c597.jpg,,16028,6934
46175,2023-11-03 23:10:20,https://i1.ypcdn.com/blob/eb82ad56457b377842fab6a97b176a0dc04bdc80_640.jpg,image/jpeg,09d422a4746a524620bca75dfd1c0b923a6e7ee5,191511,/09/d4/22/a4/09d422a4746a524620bca75dfd1c0b923a6e7ee5.jpg,,16029,6934
47433,2023-11-04 01:03:56,https://i1.ypcdn.com/blob/35191c2f57de195d02e91d9a29709682b03f1a32_640.jpg,image/jpeg,eef0f78996b7544311532de6f40f28c24492f868,63140,/ee/f0/f7/89/eef0f78996b7544311532de6f40f28c24492f868.jpg,,16475,7207
47436,2023-11-04 01:04:12,https://i1.ypcdn.com/blob/305e15ebb986e63ae2f5d1211776aefb3bbbf9f2_640.jpg,image/jpeg,f857a96c4c171fd479e1024a1248268e23f46e6c,174243,/f8/57/a9/6c/f857a96c4c171fd479e1024a1248268e23f46e6c.jpg,,16476,7207
47438,2023-11-04 01:04:28,https://i4.ypcdn.com/blob/d5ff7b402528f951b8071fea395b423213dc2390_640.jpg,image/jpeg,d4401d07197b07af1516bd91ffd04f95ac1b984b,249509,/d4/40/1d/07/d4401d07197b07af1516bd91ffd04f95ac1b984b.jpg,,16477,7207
55257,2023-11-04 12:53:12,https://i4.ypcdn.com/blob/5626ad76554ed1ec28520a87b62760da7216c1da_640.jpg,image/jpeg,6fa7fcc936ec6cd8b4492464ac03577c8331f2f6,289799,/6f/a7/fc/c9/6fa7fcc936ec6cd8b4492464ac03577c8331f2f6.jpg,,19206,8552
55259,2023-11-04 12:53:17,https://i1.ypcdn.com/blob/9a566e0d47466deb37a0d96153004e0614e17816_640.jpg,image/jpeg,fe2ac01efdf6a0c3967af9f9226ee6976e1b88d8,184678,/fe/2a/c0/1e/fe2ac01efdf6a0c3967af9f9226ee6976e1b88d8.jpg,,19207,8552
55261,2023-11-04 12:53:27,https://i2.ypcdn.com/blob/dcd45f53c6efd3ac388b3b3a8e85f4caeb2ad9e4_640.jpg,image/jpeg,f6b1077c3fa448684e69f647b8337e35eb3dd455,172290,/f6/b1/07/7c/f6b1077c3fa448684e69f647b8337e35eb3dd455.jpg,,19208,8552
55266,2023-11-04 12:54:07,https://i1.ypcdn.com/blob/7def94be3339fc1cc103ad62ef06a6a7c566b9cf_640.jpg,image/jpeg,c464e408e6394717ed85b7e1c76e0f84e82d201a,202751,/c4/64/e4/08/c464e408e6394717ed85b7e1c76e0f84e82d201a.jpg,,19209,8552
19115,2023-10-31 23:33:20,https://i2.ypcdn.com/blob/85a2dcc09a06fd674d09f971f0875374227485b7_640.jpg,image/jpeg,4dab860ec9fc0d05a737d880a3c5edc87c3a2d0f,216126,/4d/ab/86/0e/4dab860ec9fc0d05a737d880a3c5edc87c3a2d0f.jpg,,28731,12261
19120,2023-10-31 23:33:42,https://i3.ypcdn.com/blob/176e04e7033438a23cfe25e96379c129d19aa0eb_640.jpg,image/jpeg,1834874f6fc4c12563c0e272d05afb48282d916d,221003,/18/34/87/4f/1834874f6fc4c12563c0e272d05afb48282d916d.jpg,,28732,12261
23445,2023-11-01 13:32:30,https://i4.ypcdn.com/blob/f26cd00c4b3a166045d7150eb9cf9530e085de4a_640.jpg,image/jpeg,4843442dd44693f9466df75d3830c9671831c07a,187554,/48/43/44/2d/4843442dd44693f9466df75d3830c9671831c07a.jpg,,30170,12995
23448,2023-11-01 13:36:56,https://i4.ypcdn.com/blob/cb2a63f4a2990c0e7575b7dea07681281437cb08_640.jpg,image/jpeg,1abfe195a1a3fe8a46ce583d441be26e63d08556,224766,/1a/bf/e1/95/1abfe195a1a3fe8a46ce583d441be26e63d08556.jpg,,30171,12995
23449,2023-11-01 13:37:22,https://i3.ypcdn.com/blob/8f977aa60f1536d80a6dd29882a9c13ee9a48e56_640.jpg,image/jpeg,08facadd5358fc7f666b0cbdaf348b730967f658,138770,/08/fa/ca/dd/08facadd5358fc7f666b0cbdaf348b730967f658.jpg,,30172,12995
23450,2023-11-01 13:37:53,https://i3.ypcdn.com/blob/67e8961632cf754aafc466aa486deb466f9e4a0e_640.jpg,image/jpeg,35cb27a484ea24d3ae9c25e64fc00ee7cdab8e68,170951,/35/cb/27/a4/35cb27a484ea24d3ae9c25e64fc00ee7cdab8e68.jpg,,30173,12995
45523,2023-11-03 22:14:18,https://i3.ypcdn.com/blob/3d7f88f1536eb610a89ca5220c9cb244790555bf_640.jpg,image/jpeg,9ee6a1a39155d54c1014a3954ef8101292aa776a,179236,/9e/e6/a1/a3/9ee6a1a39155d54c1014a3954ef8101292aa776a.jpg,,38048,17730
45526,2023-11-03 22:14:34,https://i4.ypcdn.com/blob/82694d8169d54bd602293c9a5af7cc77fe083259_640.jpg,image/jpeg,b51df2e72292cbee615da1e38b09c1fd3f65c196,329906,/b5/1d/f2/e7/b51df2e72292cbee615da1e38b09c1fd3f65c196.jpg,,38049,17730
45530,2023-11-03 22:14:45,https://i4.ypcdn.com/blob/72e68b5637844b7b6fb217830431b42e2ac8e618_640.jpg,image/jpeg,cbc2cc3edeb81db4fb016cf904bcfce0ff1b90fa,239487,/cb/c2/cc/3e/cbc2cc3edeb81db4fb016cf904bcfce0ff1b90fa.jpg,,38050,17730
47686,2023-11-04 01:23:36,https://i4.ypcdn.com/blob/ed26304dc8f64ebce4456e2e6decc4dd72b56fd0_640.jpg,image/jpeg,6a3b5f518e070b9cbaa1e08cebc0c5ce90d9dfa3,228669,/6a/3b/5f/51/6a3b5f518e070b9cbaa1e08cebc0c5ce90d9dfa3.jpg,,38742,18322
47690,2023-11-04 01:23:47,https://i2.ypcdn.com/blob/4da8d6d959227d30d22f591945e1cce549d3e4db_640.jpg,image/jpeg,0cdaf282c157504ef02e5e8d564157b8ebec6948,224517,/0c/da/f2/82/0cdaf282c157504ef02e5e8d564157b8ebec6948.jpg,,38743,18322
47693,2023-11-04 01:23:58,https://i1.ypcdn.com/blob/624d9348eb2f4e354c17e5abf7fe1c57259671a7_640.jpg,image/jpeg,00b4795937a8063d506879219b84b159a9e80b6a,120818,/00/b4/79/59/00b4795937a8063d506879219b84b159a9e80b6a.jpg,,38744,18322
47694,2023-11-04 01:24:10,https://i1.ypcdn.com/blob/c55225dfc33eb1b2ef8697c4597b271714334387_640.jpg,image/jpeg,0342f194c6788a9293ac7da8bc20101e3330365c,131879,/03/42/f1/94/0342f194c6788a9293ac7da8bc20101e3330365c.jpg,,38745,18322
3278,2023-10-29 23:26:28,https://i3.ypcdn.com/blob/e50dd9112f3264722c9f3ca2bd4ca1564b14bf04_640.jpg,image/jpeg,45e3edb2f7794e4cba25f82b33b55a73cb3567a9,326769,/45/e3/ed/b2/45e3edb2f7794e4cba25f82b33b55a73cb3567a9.jpg,,43135,23629
3280,2023-10-29 23:26:40,https://i1.ypcdn.com/blob/a52f64469eb86772921469551e06a38912cfc2d2_640.jpg,image/jpeg,9e95fbaae070eb3d0a90917822fd19caca8fb9d6,208991,/9e/95/fb/aa/9e95fbaae070eb3d0a90917822fd19caca8fb9d6.jpg,,43136,23629
3282,2023-10-29 23:26:48,https://i3.ypcdn.com/blob/7f5657e1e214958baefff27cd5f03e44426ae195_640.jpg,image/jpeg,7bdbc7e7c200c429454b4963f21d4842b85e79ec,147885,/7b/db/c7/e7/7bdbc7e7c200c429454b4963f21d4842b85e79ec.jpg,,43137,23629
3286,2023-10-29 23:27:18,https://i3.ypcdn.com/blob/68c2c49e8344c8609807ffb720c72775a6a15423_640.jpg,image/jpeg,947a635e41bb6a6be56f2e84fdacfaff5369f719,274543,/94/7a/63/5e/947a635e41bb6a6be56f2e84fdacfaff5369f719.jpg,,43138,23629
3740,2023-10-30 00:15:51,https://i3.ypcdn.com/blob/0929d9dcbebddc2855f3360cc145d478a44f4485_640.jpg,image/jpeg,27894f14e48595473c0bd06dfd4a5385eda4c7ec,214820,/27/89/4f/14/27894f14e48595473c0bd06dfd4a5385eda4c7ec.jpg,,43292,23777
3743,2023-10-30 00:16:04,https://i1.ypcdn.com/blob/50a536d2bdf53b4e91228b096d288a88405b445b_640.jpg,image/jpeg,2953783ca151bf186410ed6623c08faabc28bd97,45724,/29/53/78/3c/2953783ca151bf186410ed6623c08faabc28bd97.jpg,,43293,23777
3746,2023-10-30 00:16:27,https://i3.ypcdn.com/blob/ae09c99de3fb724eedacd7de0ab8ff674a7415e7_640.jpg,image/jpeg,32157162086673ea1412782a6093ca5fab7b801c,205816,/32/15/71/62/32157162086673ea1412782a6093ca5fab7b801c.jpg,,43294,23777
3748,2023-10-30 00:16:42,https://i1.ypcdn.com/blob/fb9cd87b4e479676c6dcc07a1196ed28f69efb2c_640.jpg,image/jpeg,a781454919f38b62bc659d5eb0476cc90383d250,149583,/a7/81/45/49/a781454919f38b62bc659d5eb0476cc90383d250.jpg,,43295,23777
19265,2023-10-31 23:46:05,https://i2.ypcdn.com/blob/5646cf9f021b2582c7e2a492c91df0b2ee394006_640.jpg,image/jpeg,00b0a64147048dff2de6cf8f7eb8f70f1fa9bdf9,75051,/00/b0/a6/41/00b0a64147048dff2de6cf8f7eb8f70f1fa9bdf9.jpg,,6814,60592
19266,2023-10-31 23:46:14,https://i3.ypcdn.com/blob/8086218988838df21d0d216b6de288f90cfd516d_640.jpg,image/jpeg,4876d116e0d14bedc682e38c2a2cb31c609b6d80,179511,/48/76/d1/16/4876d116e0d14bedc682e38c2a2cb31c609b6d80.jpg,,6815,60592
19271,2023-10-31 23:47:14,https://i2.ypcdn.com/blob/eb8494f51966ff216596e2560105ac73bdc338a6_640.jpg,image/jpeg,1e01fa53767cd1ac12763c43ec160a7f0c2eaa5a,231419,/1e/01/fa/53/1e01fa53767cd1ac12763c43ec160a7f0c2eaa5a.jpg,,6816,60592
19427,2023-10-31 23:59:59,https://i2.ypcdn.com/blob/e6315f6491e0407cddb2e231ad4e193096fa43f6_640.jpg,image/jpeg,c545bc30a624bb56b630eb7ea0ce73ecf3f91c25,246631,/c5/45/bc/30/c545bc30a624bb56b630eb7ea0ce73ecf3f91c25.jpg,,6884,60650
19429,2023-11-01 00:00:08,https://i3.ypcdn.com/blob/5ede4193f779ac4242fcbf539554f7174757334c_640.jpg,image/jpeg,08aba9cab5ce27011077383852c9b3bfec618486,195447,/08/ab/a9/ca/08aba9cab5ce27011077383852c9b3bfec618486.jpg,,6885,60650
19434,2023-11-01 00:00:26,https://i3.ypcdn.com/blob/ce0bf7c93b8b76bfee9cdc7d0cd5d03a8e3e3f27_640.jpg,image/jpeg,4562c74e8752bfdbc4ead91820bdab9b3b3c62dd,224211,/45/62/c7/4e/4562c74e8752bfdbc4ead91820bdab9b3b3c62dd.jpg,,6886,60650
19437,2023-11-01 00:00:39,https://i1.ypcdn.com/blob/9b8a0670412b5dbc0651ce57a30804cd455fb352_640.jpg,image/jpeg,0aeec1e9c4fa76ae4728ea887df0254134745e3f,119262,/0a/ee/c1/e9/0aeec1e9c4fa76ae4728ea887df0254134745e3f.jpg,,6887,60650
21244,2023-11-01 02:46:00,https://i2.ypcdn.com/blob/3689363726b87ae731c8e8e6d57c61aca054f1f7_640.jpg,image/jpeg,76bc87e80995d7a47cac70029c5de8d37d84c388,200282,/76/bc/87/e8/76bc87e80995d7a47cac70029c5de8d37d84c388.jpg,,7491,61077
21247,2023-11-01 02:46:15,https://i4.ypcdn.com/blob/4533418dc614ed59e81f3b92317285a871b9aaec_640.jpg,image/jpeg,8e49529bba2745b2df6457443abf91568e4e54d4,250580,/8e/49/52/9b/8e49529bba2745b2df6457443abf91568e4e54d4.jpg,,7492,61077
21251,2023-11-01 02:47:17,https://i2.ypcdn.com/blob/d43c374ec7a21d6c039b328e7d79e21198251df7_640.jpg,image/jpeg,61b38b3ed15cf65f1c5655d0842e3a202e5a6a4e,243396,/61/b3/8b/3e/61b38b3ed15cf65f1c5655d0842e3a202e5a6a4e.jpg,,7493,61077
21259,2023-11-01 02:48:12,https://i3.ypcdn.com/blob/ca003d1a3da83ae7fadafe6087e395af73eae660_640.jpg,image/jpeg,00fb0032b7f00d72eea3e664f42328280f149bbe,202669,/00/fb/00/32/00fb0032b7f00d72eea3e664f42328280f149bbe.jpg,,7494,61077
27415,2023-11-02 00:20:16,https://i1.ypcdn.com/blob/f1e7d23637ec5c28330bb65e75ac324197c46957_640.jpg,image/jpeg,1adfa47fb0bccbef5f97f50baec456bd9082d7df,280719,/1a/df/a4/7f/1adfa47fb0bccbef5f97f50baec456bd9082d7df.jpg,,9691,62224
27420,2023-11-02 00:20:47,https://i2.ypcdn.com/blob/e7ecb7a01f48de7facf686cd5b5e4611f554e912_640.jpg,image/jpeg,f5a04302722b3ed6ed7573117ade4c88ab54d124,205194,/f5/a0/43/02/f5a04302722b3ed6ed7573117ade4c88ab54d124.jpg,,9692,62224
27423,2023-11-02 00:20:59,https://i4.ypcdn.com/blob/9c06fcfafc1ab80c9d147460b512e0b0f078f9da_640.jpg,image/jpeg,aa33ae12b3c05dfb54ce985172104a652ab6ea47,272136,/aa/33/ae/12/aa33ae12b3c05dfb54ce985172104a652ab6ea47.jpg,,9693,62224
27425,2023-11-02 00:21:07,https://i3.ypcdn.com/blob/4ecdc3e011443c2a5476b2ba924412f6010c30c7_640.jpg,image/jpeg,48090085b3544809b4d45fe9323a67e6161777bf,231448,/48/09/00/85/48090085b3544809b4d45fe9323a67e6161777bf.jpg,,9694,62224
31932,2023-11-02 21:40:50,https://i2.ypcdn.com/blob/ba9022973d4b2aa4684f32f88b4e5357c86790f7_640.jpg,image/jpeg,40c50b618e34181a966e33bc1dbf9409f16f6897,184698,/40/c5/0b/61/40c50b618e34181a966e33bc1dbf9409f16f6897.jpg,,11302,63101
39840,2023-11-03 13:51:39,https://i1.ypcdn.com/blob/c953667be47766172a47ef3b1c002b0545d3acf3_640.jpg,image/jpeg,6a97477e616c75841ea8b09ac2bfa12e0ff18fe1,223435,/6a/97/47/7e/6a97477e616c75841ea8b09ac2bfa12e0ff18fe1.jpg,,13920,64674
39845,2023-11-03 13:54:12,https://i4.ypcdn.com/blob/afc6f310d639ab9c39cf7a6d152432450d9853d8_640.jpg,image/jpeg,dfbb84f7d0905bc8e4af62ab0ef55d76d5eaea25,226259,/df/bb/84/f7/dfbb84f7d0905bc8e4af62ab0ef55d76d5eaea25.jpg,,13921,64674
44018,2023-11-03 19:56:32,https://i1.ypcdn.com/blob/f9bbc1ee09c1bf9b668dc8a2473934156152735c_640.jpg,image/jpeg,1cc5bf04be1800e7aeb95d36a60fac8c4b53f537,221314,/1c/c5/bf/04/1cc5bf04be1800e7aeb95d36a60fac8c4b53f537.jpg,,15303,65904
44020,2023-11-03 19:56:41,https://i1.ypcdn.com/blob/26ad78e1a811d8b71c28ef1e172ded2843a90e4c_640.jpg,image/jpeg,f58bfcb9bf71c71b9230a4ae3783af08beebea03,239140,/f5/8b/fc/b9/f58bfcb9bf71c71b9230a4ae3783af08beebea03.jpg,,15304,65904
44024,2023-11-03 19:56:52,https://i4.ypcdn.com/blob/4108e1ec897311e511706f17a803d9705888bca9_640.jpg,image/jpeg,6e6da42c4717980e17b9acb6c9fa4adb222c31f5,148216,/6e/6d/a4/2c/6e6da42c4717980e17b9acb6c9fa4adb222c31f5.jpg,,15305,65904
44028,2023-11-03 19:57:06,https://i2.ypcdn.com/blob/3eac3e67a8df38b06adc11f4d8078b9560ff98ee_640.jpg,image/jpeg,c38f7e0f40f85a45249d841b2be63ce43734bb71,188620,/c3/8f/7e/0f/c38f7e0f40f85a45249d841b2be63ce43734bb71.jpg,,15306,65904
46726,2023-11-04 00:02:01,https://i3.ypcdn.com/blob/20ecd51a6a7ae875d155a14c09a22b7b54b5ac7b_640.jpg,image/jpeg,c6e28324c9ca1b1770575f0d13e88976c84a86bd,37076,/c6/e2/83/24/c6e28324c9ca1b1770575f0d13e88976c84a86bd.jpg,,16243,66689
46727,2023-11-04 00:02:11,https://i1.ypcdn.com/blob/98fd8aeb79717a4bf97f21f657abf408c117d7a5_640.jpg,image/jpeg,5d736f2d0eadc1becf8d4457e44e48141bef72e8,96710,/5d/73/6f/2d/5d736f2d0eadc1becf8d4457e44e48141bef72e8.jpg,,16244,66689
46728,2023-11-04 00:02:18,https://i2.ypcdn.com/blob/701df031f0a3a79040cd766dda44265c9e693135_640.jpg,image/jpeg,75747fb085ea5d9f78ef283a9f0d816646febc1f,110191,/75/74/7f/b0/75747fb085ea5d9f78ef283a9f0d816646febc1f.jpg,,16245,66689
46729,2023-11-04 00:02:24,https://i2.ypcdn.com/blob/5f2f18aad0713f55ec332532092146917ebff92c_640.jpg,image/jpeg,c310322f74aaf2548787a420a47f0296f5fac8c1,194731,/c3/10/32/2f/c310322f74aaf2548787a420a47f0296f5fac8c1.jpg,,16246,66689
47471,2023-11-04 01:06:40,https://i1.ypcdn.com/blob/baf233c08d21a070d284a34fcfb7b7c5232d61da_640.jpg,image/jpeg,ecb683fa6994b40919a1c716eb1b4f5a90b9537b,248929,/ec/b6/83/fa/ecb683fa6994b40919a1c716eb1b4f5a90b9537b.jpg,,16489,67192
47475,2023-11-04 01:06:51,https://i2.ypcdn.com/blob/9e4f8cae765ee456aa4907f317ccc88a2c152de3_640.jpg,image/jpeg,adbe87659bcee69d68e2ba5e03b9f6b4dc55cdee,260031,/ad/be/87/65/adbe87659bcee69d68e2ba5e03b9f6b4dc55cdee.jpg,,16490,67192
47478,2023-11-04 01:07:06,https://i3.ypcdn.com/blob/a64739cec4b441d2cd7f466784e51bd644f6d7ad_640.jpg,image/jpeg,21fe46ee8086b54d66f7ed746dc463cde7a3f794,286759,/21/fe/46/ee/21fe46ee8086b54d66f7ed746dc463cde7a3f794.jpg,,16491,67192
47482,2023-11-04 01:07:24,https://i4.ypcdn.com/blob/a0ca6c2ccd52a48b9612aa5923152cc9fc0603f0_640.jpg,image/jpeg,0c77e34a1bdb57a16f95cb8d2021dcf32a467677,290195,/0c/77/e3/4a/0c77e34a1bdb57a16f95cb8d2021dcf32a467677.jpg,,16492,67192
55230,2023-11-04 12:51:17,https://i3.ypcdn.com/blob/d9b9e00fc5415852d6a11bb62514992fb357a4d7_640.jpg,image/jpeg,9b660507fd149d1485eed7b5001b62800e63a062,245218,/9b/66/05/07/9b660507fd149d1485eed7b5001b62800e63a062.jpg,,19193,69742
7666,2023-10-30 12:18:15,https://i4.ypcdn.com/blob/c50cf09f3abaa77127c67076f9514e4099b97b74_640.jpg,image/jpeg,faa8925a6bf60c0f41890a0388a7c4dba4441cce,152989,/fa/a8/92/5a/faa8925a6bf60c0f41890a0388a7c4dba4441cce.jpg,,24760,73844
16127,2023-10-31 12:49:55,https://i1.ypcdn.com/blob/70ab73cae6f4d5349eac621e837aa70019f247b9_640.jpg,image/jpeg,df959d8fa4d0d1ca8d36c76a915bf9175ed194bf,146213,/df/95/9d/8f/df959d8fa4d0d1ca8d36c76a915bf9175ed194bf.jpg,,27596,74991
19897,2023-11-01 00:33:20,https://i2.ypcdn.com/blob/f12b8f26a9449249b4074eea56f8cce82aff7bae_640.jpg,image/jpeg,fe9f316960c5e2cdca418d5f90b125080b7cad3f,148771,/fe/9f/31/69/fe9f316960c5e2cdca418d5f90b125080b7cad3f.jpg,,28995,76010
19899,2023-11-01 00:33:32,https://i2.ypcdn.com/blob/3a908270e7eaa765e8618e18bc109e73d14e6a9b_640.jpg,image/jpeg,d0f060f7baac7600a757d176d2a292fbe5930669,257867,/d0/f0/60/f7/d0f060f7baac7600a757d176d2a292fbe5930669.jpg,,28996,76010
19901,2023-11-01 00:33:44,https://i3.ypcdn.com/blob/34ab2859cbbe412a3f1de1a91e91786fec530ddd_640.jpg,image/jpeg,939a84efec149ef5f5f3bab4b40ada8576b00982,201470,/93/9a/84/ef/939a84efec149ef5f5f3bab4b40ada8576b00982.jpg,,28997,76010
19904,2023-11-01 00:33:57,https://i1.ypcdn.com/blob/95848525170f1321b1887d1235179f346be46336_640.jpg,image/jpeg,8349ad1ea5099be25dbc760d7429580b329555a5,218172,/83/49/ad/1e/8349ad1ea5099be25dbc760d7429580b329555a5.jpg,,28998,76010
14351,2023-10-31 07:14:18,https://i4.ypcdn.com/blob/98aab356b4d5b025aebaf1cfe71ca712d02dbe7c_640.jpg,image/jpeg,3ba5a6eec9a17ecbd85cf23de5c59af32f584fe9,84482,/3b/a5/a6/ee/3ba5a6eec9a17ecbd85cf23de5c59af32f584fe9.jpg,,4989,84378
14356,2023-10-31 07:15:38,https://i3.ypcdn.com/blob/f229ac457484103a5d8818261bcbf62e71fee936_640.jpg,image/jpeg,e57efee2e1dc0d0c632152ad34107e70a8679933,115343,/e5/7e/fe/e2/e57efee2e1dc0d0c632152ad34107e70a8679933.jpg,,4990,84378
14358,2023-10-31 07:15:54,https://i2.ypcdn.com/blob/c536d88fe5fbcfb6e8420b82934eb729296b6678_640.jpg,image/jpeg,9be0b95c927d46deb1018a801b7b670d7b38a50e,155087,/9b/e0/b9/5c/9be0b95c927d46deb1018a801b7b670d7b38a50e.jpg,,4991,84378
17500,2023-10-31 19:30:02,https://i1.ypcdn.com/blob/dee70d931794fbbfc95f5b4b5fb3319b3846a384_640.jpg,image/jpeg,8bf3b7ddd04847704ff63b0ab4a7197ec50d9a85,121524,/8b/f3/b7/dd/8bf3b7ddd04847704ff63b0ab4a7197ec50d9a85.jpg,,6106,85378
17503,2023-10-31 19:30:14,https://i3.ypcdn.com/blob/9b5215dcc38337277b9c13996193c1ca679493e4_640.jpg,image/jpeg,8d29512347d7d3544e70b2ed08c366d042131bc7,133428,/8d/29/51/23/8d29512347d7d3544e70b2ed08c366d042131bc7.jpg,,6107,85378
17506,2023-10-31 19:30:28,https://i1.ypcdn.com/blob/733c26818d04c2fe115e80b2543915c1e3b0aef4_640.jpg,image/jpeg,69a2e1e7f70fc5d2ac271d5470540b280924ae6d,118966,/69/a2/e1/e7/69a2e1e7f70fc5d2ac271d5470540b280924ae6d.jpg,,6108,85378
17509,2023-10-31 19:30:45,https://i2.ypcdn.com/blob/5cf7ce509e01f9e881cd05e605507478d5afde11_640.jpg,image/jpeg,1219cf915072ee9465414a0f972543248ebe921a,192885,/12/19/cf/91/1219cf915072ee9465414a0f972543248ebe921a.jpg,,6109,85378
22157,2023-11-01 06:43:55,https://i2.ypcdn.com/blob/a7b04227072e511714ef809e7f9006712069291d_640.jpg,image/jpeg,e8ff3ef9f496a8dbe4e1f490734a40a479c5dfdc,140730,/e8/ff/3e/f9/e8ff3ef9f496a8dbe4e1f490734a40a479c5dfdc.jpg,,7791,87036
38278,2023-11-03 11:36:24,https://i1.ypcdn.com/blob/55234466c38c20ed19789f1671d6f46af44cc6d0_640.jpg,image/jpeg,0acad6da6eb0ba2516988a988d9264af220874a2,188883,/0a/ca/d6/da/0acad6da6eb0ba2516988a988d9264af220874a2.jpg,,13387,91848
38281,2023-11-03 11:36:34,https://i4.ypcdn.com/blob/25d1834a07808ba0d5e67c5b5b49c525727e07af_640.jpg,image/jpeg,c59180426d8ccf8275995cb4ab7c736f0111cbcb,185585,/c5/91/80/42/c59180426d8ccf8275995cb4ab7c736f0111cbcb.jpg,,13388,91848
38284,2023-11-03 11:36:47,https://i2.ypcdn.com/blob/e8b123d07194e4c9a172a30d415d5330f0117000_640.jpg,image/jpeg,5f91e48c817d5a906b61c8767b2c2b787ffca116,214452,/5f/91/e4/8c/5f91e48c817d5a906b61c8767b2c2b787ffca116.jpg,,13389,91848
38287,2023-11-03 11:36:58,https://i1.ypcdn.com/blob/df36181408f330b049b05a749b39e60d707da483_640.jpg,image/jpeg,ef6d9142da2b808d4ce460f3b766fb3bf77a8e87,200565,/ef/6d/91/42/ef6d9142da2b808d4ce460f3b766fb3bf77a8e87.jpg,,13390,91848
49371,2023-11-04 03:48:12,https://i2.ypcdn.com/blob/f203c5684d0efe5e375ac16c3add2f7542e3c0b8_640.jpg,image/jpeg,08869ba86dcfabdc68a86b888da8eef5c7e82ff7,164017,/08/86/9b/a8/08869ba86dcfabdc68a86b888da8eef5c7e82ff7.jpg,,17145,96276
59536,2023-11-05 00:54:05,https://i4.ypcdn.com/blob/cc0312dec32c8a56682ce3c1bf0db794dc48c7e1_640.jpg,image/jpeg,c73f1b537cdba0a8c140d6366bfca5bcb6118af7,225921,/c7/3f/1b/53/c73f1b537cdba0a8c140d6366bfca5bcb6118af7.jpg,,21063,100203
59538,2023-11-05 00:54:24,https://i1.ypcdn.com/blob/c67dac8ea677b82693b203ad7eb9c639add8851e_640.jpg,image/jpeg,d9ce6a328120c8249dd2813cdf25959e8c25e604,179197,/d9/ce/6a/32/d9ce6a328120c8249dd2813cdf25959e8c25e604.jpg,,21064,100203
59540,2023-11-05 00:54:42,https://i3.ypcdn.com/blob/ad9e52c044211fd992e625a97def450ea064a959_640.jpg,image/jpeg,704c2a9a29a6e03149f74f94f1522f6fa40baaa4,231654,/70/4c/2a/9a/704c2a9a29a6e03149f74f94f1522f6fa40baaa4.jpg,,21065,100203
59541,2023-11-05 00:54:54,https://i2.ypcdn.com/blob/a444ebe26da0058528f1d36b54f6558e42bbb4a9_640.jpg,image/jpeg,74abda127c7e52e5129e2e32482ac1424843e15c,207085,/74/ab/da/12/74abda127c7e52e5129e2e32482ac1424843e15c.jpg,,21066,100203
61153,2023-11-05 06:17:19,https://i2.ypcdn.com/blob/1c98b90bc6e563f941b6e7e47daa16c2e1f44bbe_640.jpg,image/jpeg,2565a8b4c157bc0926d87803de1a185009c9d7df,74182,/25/65/a8/b4/2565a8b4c157bc0926d87803de1a185009c9d7df.jpg,,21904,100791
61155,2023-11-05 06:17:49,https://i3.ypcdn.com/blob/c980750ce96371e46df78e5071834e9f863fe814_640.jpg,image/jpeg,65562d201ebef8bc0fa44d0021fd8d0b638fa2cd,184283,/65/56/2d/20/65562d201ebef8bc0fa44d0021fd8d0b638fa2cd.jpg,,21905,100791
61157,2023-11-05 06:18:04,https://i2.ypcdn.com/blob/e0aee01cc2911ab2c30566f15a0c29afebac9b35_640.jpg,image/jpeg,5ac7067f416b151d87d163e401580ce47e787862,148041,/5a/c7/06/7f/5ac7067f416b151d87d163e401580ce47e787862.jpg,,21906,100791
61158,2023-11-05 06:18:34,https://i1.ypcdn.com/blob/c63c31f92e34e8653b0da2a74ccf959e14968732_640.jpg,image/jpeg,65ab248a2b28a4942230a3b966e9a19c50c2b3c2,158400,/65/ab/24/8a/65ab248a2b28a4942230a3b966e9a19c50c2b3c2.jpg,,21907,100791
5213,2023-10-30 03:27:01,https://i3.ypcdn.com/blob/40c48617cb51ed1587a01164112f248ac42ec82a_640.jpg,image/jpeg,a7201e7379c03e3d0e1ecb43fa5455ac1b8c10aa,138085,/a7/20/1e/73/a7201e7379c03e3d0e1ecb43fa5455ac1b8c10aa.jpg,,23877,102663
5214,2023-10-30 03:27:04,https://i2.ypcdn.com/blob/f7965caa3331f30fa8938579b03cb7eebd4c94ab_640.jpg,image/jpeg,797bf1184de0bf799b0246ee6955b20835029d5d,146641,/79/7b/f1/18/797bf1184de0bf799b0246ee6955b20835029d5d.jpg,,23878,102663
5216,2023-10-30 03:27:25,https://i3.ypcdn.com/blob/c7dbf0a6a76be6bbdadbd9e51f449f01e3ba792d_640.jpg,image/jpeg,453d6724a3c7d86a2f0fe31ce09f5abad5f351ad,177563,/45/3d/67/24/453d6724a3c7d86a2f0fe31ce09f5abad5f351ad.jpg,,23879,102663
5217,2023-10-30 03:27:31,https://i4.ypcdn.com/blob/2f9fba0c6f9ad44de0a56610467431ae2604c65f_640.jpg,image/jpeg,90b465000903c2c01b1e998133911cf2897d02f3,182081,/90/b4/65/00/90b465000903c2c01b1e998133911cf2897d02f3.jpg,,23880,102663
5233,2023-10-30 03:30:03,https://i4.ypcdn.com/blob/9569cc1eb7934b37a92685a5bb8f8fdc53b6e98b_640.jpg,image/jpeg,a41d8300b2b5d059f9307e5c6769e5d3421b3702,143286,/a4/1d/83/00/a41d8300b2b5d059f9307e5c6769e5d3421b3702.jpg,,23885,102669
9079,2023-10-30 19:48:44,https://i1.ypcdn.com/blob/3689363726b87ae731c8e8e6d57c61aca054f1f7_640.jpg,image/jpeg,76bc87e80995d7a47cac70029c5de8d37d84c388,200282,/76/bc/87/e8/76bc87e80995d7a47cac70029c5de8d37d84c388.jpg,,25197,106433
9082,2023-10-30 19:49:02,https://i4.ypcdn.com/blob/4533418dc614ed59e81f3b92317285a871b9aaec_640.jpg,image/jpeg,8e49529bba2745b2df6457443abf91568e4e54d4,250580,/8e/49/52/9b/8e49529bba2745b2df6457443abf91568e4e54d4.jpg,,25198,106433
9085,2023-10-30 19:49:13,https://i4.ypcdn.com/blob/d43c374ec7a21d6c039b328e7d79e21198251df7_640.jpg,image/jpeg,61b38b3ed15cf65f1c5655d0842e3a202e5a6a4e,243396,/61/b3/8b/3e/61b38b3ed15cf65f1c5655d0842e3a202e5a6a4e.jpg,,25199,106433
9087,2023-10-30 19:49:22,https://i4.ypcdn.com/blob/ca003d1a3da83ae7fadafe6087e395af73eae660_640.jpg,image/jpeg,00fb0032b7f00d72eea3e664f42328280f149bbe,202669,/00/fb/00/32/00fb0032b7f00d72eea3e664f42328280f149bbe.jpg,,25200,106433
36117,2023-11-03 06:59:05,https://i2.ypcdn.com/blob/33a6a5cc3b077edb1f788bd1a3df4e8853dd995d_640.jpg,image/jpeg,2c5aa38fe71a18bfc9fc526fd4f6f4114330d2b6,347629,/2c/5a/a3/8f/2c5aa38fe71a18bfc9fc526fd4f6f4114330d2b6.jpg,,34610,114564
36120,2023-11-03 06:59:21,https://i4.ypcdn.com/blob/1818b60fd486d1ebf45a796d46620c624b95376e_640.jpg,image/jpeg,f517437e14ac45438316cf8d960e8bfc8910c0a7,198845,/f5/17/43/7e/f517437e14ac45438316cf8d960e8bfc8910c0a7.jpg,,34611,114564
36123,2023-11-03 07:00:05,https://i1.ypcdn.com/blob/a9b4689582038f015f888dc6e1719fa91fb6ad2c_640.jpg,image/jpeg,73af16db4f025a16496fdec6eed8f8f9e378eb6b,176048,/73/af/16/db/73af16db4f025a16496fdec6eed8f8f9e378eb6b.jpg,,34612,114564
36126,2023-11-03 07:00:31,https://i4.ypcdn.com/blob/b56cfbd9feaef9b651a764aee7f6dc92e24e0837_640.jpg,image/jpeg,f70696e9bb276439814cc46efe844c1985d9da8b,212217,/f7/06/96/e9/f70696e9bb276439814cc46efe844c1985d9da8b.jpg,,34613,114564
36695,2023-11-03 08:31:39,https://i1.ypcdn.com/blob/029b4622f661f507f6f6bedb646339efc95814f2_640.jpg,image/jpeg,8f4b97e754df7c08ec306fb08bb8464bdc9eefea,156456,/8f/4b/97/e7/8f4b97e754df7c08ec306fb08bb8464bdc9eefea.jpg,,34843,114761
36698,2023-11-03 08:31:52,https://i2.ypcdn.com/blob/de64ed31ef59a836dc0bec85fdf7a3a686861df1_640.jpg,image/jpeg,b8a238605fd03b627b54b747f5c4770088e3f40a,27767,/b8/a2/38/60/b8a238605fd03b627b54b747f5c4770088e3f40a.jpg,,34844,114761
36701,2023-11-03 08:32:08,https://i1.ypcdn.com/blob/a2c719f14ad2a0bd66326c80fc42f4089debba3e_640.jpg,image/jpeg,c80af43a9fad43e03f9ebdcc0dae7fd8f198d63f,207592,/c8/0a/f4/3a/c80af43a9fad43e03f9ebdcc0dae7fd8f198d63f.jpg,,34845,114761
36704,2023-11-03 08:32:34,https://i2.ypcdn.com/blob/e3facd18e3a4b76ef9fc4b1eca08f41f3cd7f013_640.jpg,image/jpeg,9725a3b507daac0d553bcd037c2c3978a268445e,301605,/97/25/a3/b5/9725a3b507daac0d553bcd037c2c3978a268445e.jpg,,34846,114761
25270,2023-11-01 20:59:53,https://i3.ypcdn.com/blob/bf7ae9ff52bf5cf02e29e104ac10368b583fbff3_640.jpg,image/jpeg,bc27396279f59e887614e7caea7b7b99c4d866ee,158074,/bc/27/39/62/bc27396279f59e887614e7caea7b7b99c4d866ee.jpg,,8941,129866
25272,2023-11-01 20:59:58,https://i3.ypcdn.com/blob/0f074403247bb31af86efcda008cfe0e79e0d14c_640.jpg,image/jpeg,d3e869dce44206dc2ac6f23f03115ef70456ba8a,207802,/d3/e8/69/dc/d3e869dce44206dc2ac6f23f03115ef70456ba8a.jpg,,8942,129866
25274,2023-11-01 21:00:22,https://i2.ypcdn.com/blob/fa3d62007fb7f0624657ba70de86aa6300eabb57_640.jpg,image/jpeg,b8c2097d703057fab818af04862d3ce5154d94b1,200002,/b8/c2/09/7d/b8c2097d703057fab818af04862d3ce5154d94b1.jpg,,8943,129866
25276,2023-11-01 21:00:40,https://i4.ypcdn.com/blob/e674d2dfc553d11bf0d9ed38038454d69762b3af_640.jpg,image/jpeg,5aeabb17916b6badee3a1d4ab35371b45e8e619f,198676,/5a/ea/bb/17/5aeabb17916b6badee3a1d4ab35371b45e8e619f.jpg,,8944,129866
34648,2023-11-03 03:36:15,https://i2.ypcdn.com/blob/9d788677f1f01ad45c00b3ea38b88aa8cb757d0a_640.jpg,image/jpeg,7a9b49d7bfd0b345a58e26e56d034b374d434017,197011,/7a/9b/49/d7/7a9b49d7bfd0b345a58e26e56d034b374d434017.jpg,,12192,132109
34652,2023-11-03 03:36:27,https://i4.ypcdn.com/blob/185a525d390aa57c475abf8f6fc3c92310932a54_640.jpg,image/jpeg,244fbb264f227f7c3b1eb891ec467d9f35f889f1,207299,/24/4f/bb/26/244fbb264f227f7c3b1eb891ec467d9f35f889f1.jpg,,12193,132109
34655,2023-11-03 03:36:46,https://i4.ypcdn.com/blob/3880762418ac20a5e31d3a7ff5a8d1cd68f28a45_640.jpg,image/jpeg,5d159f77f72b6f937fc4d8424e0fe6231f802ffe,185363,/5d/15/9f/77/5d159f77f72b6f937fc4d8424e0fe6231f802ffe.jpg,,12194,132109
34658,2023-11-03 03:37:04,https://i2.ypcdn.com/blob/69b90cbaec467f0213aa22adc40318ebfba94e10_640.jpg,image/jpeg,8bc7b42bd2d96b0bc2a07660f2afbc45b865543e,197006,/8b/c7/b4/2b/8bc7b42bd2d96b0bc2a07660f2afbc45b865543e.jpg,,12195,132109
35780,2023-11-03 06:26:38,https://i3.ypcdn.com/blob/9d788677f1f01ad45c00b3ea38b88aa8cb757d0a_640.jpg,image/jpeg,7a9b49d7bfd0b345a58e26e56d034b374d434017,197011,/7a/9b/49/d7/7a9b49d7bfd0b345a58e26e56d034b374d434017.jpg,,12587,132109
35782,2023-11-03 06:26:47,https://i1.ypcdn.com/blob/3880762418ac20a5e31d3a7ff5a8d1cd68f28a45_640.jpg,image/jpeg,5d159f77f72b6f937fc4d8424e0fe6231f802ffe,185363,/5d/15/9f/77/5d159f77f72b6f937fc4d8424e0fe6231f802ffe.jpg,,12589,132109
35901,2023-11-03 06:38:38,https://i3.ypcdn.com/blob/acf6240cd07772f851bcd72f3bc50ea6ec811475_640.jpg,image/jpeg,7ab88330940a085491b9c0bfd38b55955757e08e,162657,/7a/b8/83/30/7ab88330940a085491b9c0bfd38b55955757e08e.jpg,,12633,132314
35902,2023-11-03 06:38:50,https://i2.ypcdn.com/blob/e529cfa26a0c304fd103dda1703225ed8cf8ec70_640.jpg,image/jpeg,6a5392deee4f4f0781582b42f36e5e18599a88e6,149323,/6a/53/92/de/6a5392deee4f4f0781582b42f36e5e18599a88e6.jpg,,12634,132314
35909,2023-11-03 06:39:51,https://i1.ypcdn.com/blob/dc8f5aee4fc357dcf2e83213dbfb5006d508d10c_640.jpg,image/jpeg,aaf00bc3ebdc43616e739ba7fbf59d40d6905733,162331,/aa/f0/0b/c3/aaf00bc3ebdc43616e739ba7fbf59d40d6905733.jpg,,12635,132314
35911,2023-11-03 06:40:03,https://i2.ypcdn.com/blob/b9d551f4b5bd15598c8e0561084fff429e298c36_640.jpg,image/jpeg,36066b9dfd98281988494f450152b234f113c6fb,124013,/36/06/6b/9d/36066b9dfd98281988494f450152b234f113c6fb.jpg,,12636,132314
36835,2023-11-03 08:52:27,https://i2.ypcdn.com/blob/acf6240cd07772f851bcd72f3bc50ea6ec811475_640.jpg,image/jpeg,7ab88330940a085491b9c0bfd38b55955757e08e,162657,/7a/b8/83/30/7ab88330940a085491b9c0bfd38b55955757e08e.jpg,,12934,132314
36840,2023-11-03 08:53:17,https://i4.ypcdn.com/blob/e529cfa26a0c304fd103dda1703225ed8cf8ec70_640.jpg,image/jpeg,6a5392deee4f4f0781582b42f36e5e18599a88e6,149323,/6a/53/92/de/6a5392deee4f4f0781582b42f36e5e18599a88e6.jpg,,12935,132314
36843,2023-11-03 08:53:42,https://i2.ypcdn.com/blob/dc8f5aee4fc357dcf2e83213dbfb5006d508d10c_640.jpg,image/jpeg,aaf00bc3ebdc43616e739ba7fbf59d40d6905733,162331,/aa/f0/0b/c3/aaf00bc3ebdc43616e739ba7fbf59d40d6905733.jpg,,12936,132314
36846,2023-11-03 08:53:59,https://i4.ypcdn.com/blob/b9d551f4b5bd15598c8e0561084fff429e298c36_640.jpg,image/jpeg,36066b9dfd98281988494f450152b234f113c6fb,124013,/36/06/6b/9d/36066b9dfd98281988494f450152b234f113c6fb.jpg,,12937,132314
39064,2023-11-03 12:45:53,https://i2.ypcdn.com/blob/f7692492278b3c1b1ab9dfaa85b93fa2118ce329_640.jpg,image/jpeg,ac8ccda6ad1bf46fe25f27e1c563ff16b1e5da96,137755,/ac/8c/cd/a6/ac8ccda6ad1bf46fe25f27e1c563ff16b1e5da96.jpg,,13654,132762
39070,2023-11-03 12:46:47,https://i2.ypcdn.com/blob/caf724ebd85ee37c15e49abb520fe338e043d377_640.jpg,image/jpeg,b16beef1af8e8d6e7ec17e770d49ea8f237a54f8,246649,/b1/6b/ee/f1/b16beef1af8e8d6e7ec17e770d49ea8f237a54f8.jpg,,13655,132762
39071,2023-11-03 12:46:58,https://i3.ypcdn.com/blob/a195eee083838101fa5ce4c6726a64a2781ecede_640.jpg,image/jpeg,bf4123fd1edc23ad7c4f633d837aa4a31fa39742,211586,/bf/41/23/fd/bf4123fd1edc23ad7c4f633d837aa4a31fa39742.jpg,,13656,132762
39072,2023-11-03 12:47:06,https://i3.ypcdn.com/blob/9c1a4280a0689acf9f0be8a1eddf2b354834ea44_640.jpg,image/jpeg,f122a49a4d11d54a80ad6aa963cfc0c85832ea34,101444,/f1/22/a4/9a/f122a49a4d11d54a80ad6aa963cfc0c85832ea34.jpg,,13657,132762
39518,2023-11-03 13:24:05,https://i4.ypcdn.com/blob/caf724ebd85ee37c15e49abb520fe338e043d377_640.jpg,image/jpeg,b16beef1af8e8d6e7ec17e770d49ea8f237a54f8,246649,/b1/6b/ee/f1/b16beef1af8e8d6e7ec17e770d49ea8f237a54f8.jpg,,13815,132762
39520,2023-11-03 13:24:16,https://i4.ypcdn.com/blob/a195eee083838101fa5ce4c6726a64a2781ecede_640.jpg,image/jpeg,bf4123fd1edc23ad7c4f633d837aa4a31fa39742,211586,/bf/41/23/fd/bf4123fd1edc23ad7c4f633d837aa4a31fa39742.jpg,,13816,132762
39524,2023-11-03 13:24:28,https://i1.ypcdn.com/blob/9c1a4280a0689acf9f0be8a1eddf2b354834ea44_640.jpg,image/jpeg,f122a49a4d11d54a80ad6aa963cfc0c85832ea34,101444,/f1/22/a4/9a/f122a49a4d11d54a80ad6aa963cfc0c85832ea34.jpg,,13817,132762
47741,2023-11-04 01:27:57,https://i1.ypcdn.com/blob/9979a8f19a6e13ac13c130e977f7439dc954618e_640.jpg,image/jpeg,78d2d9a731ea28fc1f3e33752be404cc2be800d0,145470,/78/d2/d9/a7/78d2d9a731ea28fc1f3e33752be404cc2be800d0.jpg,,16580,134262
47744,2023-11-04 01:28:11,https://i4.ypcdn.com/blob/555db5a914edf8b6f30a6fd6addc04c113c6dc3d_640.jpg,image/jpeg,73c12123dc56e5fda6d9c1d8313f7c19fe964d8b,209808,/73/c1/21/23/73c12123dc56e5fda6d9c1d8313f7c19fe964d8b.jpg,,16581,134262
47746,2023-11-04 01:28:17,https://i2.ypcdn.com/blob/94ade3fe407386a6676bdfaff7f44acdadeb71f9_640.jpg,image/jpeg,80aefe6f2ce0682aa4127c75260ea4efd982b934,246213,/80/ae/fe/6f/80aefe6f2ce0682aa4127c75260ea4efd982b934.jpg,,16582,134262
47749,2023-11-04 01:28:27,https://i2.ypcdn.com/blob/9f3aaca98715e45f9a1f29018896e642a5ad963f_640.jpg,image/jpeg,01170ebedcf95c561c4f2899b3c7e3a086d1fff4,192117,/01/17/0e/be/01170ebedcf95c561c4f2899b3c7e3a086d1fff4.jpg,,16583,134262
48513,2023-11-04 02:39:30,https://i2.ypcdn.com/blob/9979a8f19a6e13ac13c130e977f7439dc954618e_640.jpg,image/jpeg,78d2d9a731ea28fc1f3e33752be404cc2be800d0,145470,/78/d2/d9/a7/78d2d9a731ea28fc1f3e33752be404cc2be800d0.jpg,,16846,134262
48515,2023-11-04 02:39:39,https://i1.ypcdn.com/blob/555db5a914edf8b6f30a6fd6addc04c113c6dc3d_640.jpg,image/jpeg,73c12123dc56e5fda6d9c1d8313f7c19fe964d8b,209808,/73/c1/21/23/73c12123dc56e5fda6d9c1d8313f7c19fe964d8b.jpg,,16847,134262
48517,2023-11-04 02:39:45,https://i1.ypcdn.com/blob/9f3aaca98715e45f9a1f29018896e642a5ad963f_640.jpg,image/jpeg,01170ebedcf95c561c4f2899b3c7e3a086d1fff4,192117,/01/17/0e/be/01170ebedcf95c561c4f2899b3c7e3a086d1fff4.jpg,,16849,134262
49356,2023-11-04 03:47:17,https://i2.ypcdn.com/blob/ba38468f2d85aa3f378bd54331807570806fa869_640.jpg,image/jpeg,0504a30ccdf52ee07f9d914f64c08062f8352634,153000,/05/04/a3/0c/0504a30ccdf52ee07f9d914f64c08062f8352634.jpg,,17141,135272
49360,2023-11-04 03:47:32,https://i1.ypcdn.com/blob/0d8bf344b5bfa549de07738c96ca97e9843f3c79_640.jpg,image/jpeg,9222fe112b58e6f7ec9a69524dc54b5c35c51b07,266699,/92/22/fe/11/9222fe112b58e6f7ec9a69524dc54b5c35c51b07.jpg,,17142,135272
49361,2023-11-04 03:47:37,https://i2.ypcdn.com/blob/19efe1d700849b2ee2fe5fd0a5177deb654781d9_640.jpg,image/jpeg,3bc8ab299229a2a0340aea3b8e1e4a051c27a6bc,243838,/3b/c8/ab/29/3bc8ab299229a2a0340aea3b8e1e4a051c27a6bc.jpg,,17143,135272
49365,2023-11-04 03:47:50,https://i4.ypcdn.com/blob/85ba32e101de2f040676180cd8d2ffa3ebc315da_640.jpg,image/jpeg,7d597f16945d51b48815a0ed8f37469ea85f9a15,163381,/7d/59/7f/16/7d597f16945d51b48815a0ed8f37469ea85f9a15.jpg,,17144,135272
49959,2023-11-04 05:04:18,https://i4.ypcdn.com/blob/ba38468f2d85aa3f378bd54331807570806fa869_640.jpg,image/jpeg,0504a30ccdf52ee07f9d914f64c08062f8352634,153000,/05/04/a3/0c/0504a30ccdf52ee07f9d914f64c08062f8352634.jpg,,17355,135272
49961,2023-11-04 05:04:30,https://i2.ypcdn.com/blob/0d8bf344b5bfa549de07738c96ca97e9843f3c79_640.jpg,image/jpeg,9222fe112b58e6f7ec9a69524dc54b5c35c51b07,266699,/92/22/fe/11/9222fe112b58e6f7ec9a69524dc54b5c35c51b07.jpg,,17356,135272
49962,2023-11-04 05:04:39,https://i1.ypcdn.com/blob/19efe1d700849b2ee2fe5fd0a5177deb654781d9_640.jpg,image/jpeg,3bc8ab299229a2a0340aea3b8e1e4a051c27a6bc,243838,/3b/c8/ab/29/3bc8ab299229a2a0340aea3b8e1e4a051c27a6bc.jpg,,17357,135272
50397,2023-11-04 05:50:57,https://i4.ypcdn.com/blob/c1d10e74ec6578e74d04e2110833758e5589e259_640.jpg,image/jpeg,d72dc66781d1801514ee696d41170d828a411291,205650,/d7/2d/c6/67/d72dc66781d1801514ee696d41170d828a411291.jpg,,17514,135549
50405,2023-11-04 05:51:39,https://i1.ypcdn.com/blob/4f5c7d51d88b2b3ab5a5214d9e1c9fa38ce50a8d_640.jpg,image/jpeg,97084fa33de839e856dba6df1f100aaaa90796da,173850,/97/08/4f/a3/97084fa33de839e856dba6df1f100aaaa90796da.jpg,,17515,135549
50640,2023-11-04 06:13:08,https://i2.ypcdn.com/blob/c1d10e74ec6578e74d04e2110833758e5589e259_640.jpg,image/jpeg,d72dc66781d1801514ee696d41170d828a411291,205650,/d7/2d/c6/67/d72dc66781d1801514ee696d41170d828a411291.jpg,,17596,135549
51606,2023-11-04 07:26:17,https://i4.ypcdn.com/blob/90f925e096e6e13ef8d4b465a7686a6a92cebfc2_640.jpg,image/jpeg,087a3075f929af4d0a6a25ad6e465f09b9cbf2e9,214784,/08/7a/30/75/087a3075f929af4d0a6a25ad6e465f09b9cbf2e9.jpg,,17921,136288
51610,2023-11-04 07:26:46,https://i3.ypcdn.com/blob/21d2a3a1bbaed4e44baccf60e3c5740cc1dadd3b_640.jpg,image/jpeg,8215df468fe5df9638935ec1bb267cad13801427,332189,/82/15/df/46/8215df468fe5df9638935ec1bb267cad13801427.jpg,,17922,136288
51614,2023-11-04 07:27:04,https://i2.ypcdn.com/blob/9e6093f7cc143f4836148b00420406bc42e747d1_640.jpg,image/jpeg,82564f1b78c54dca3533f383af11e9b493d106d8,199299,/82/56/4f/1b/82564f1b78c54dca3533f383af11e9b493d106d8.jpg,,17923,136288
51617,2023-11-04 07:27:19,https://i3.ypcdn.com/blob/2f2d632114275093db7eb463f83e0d3a121df954_640.jpg,image/jpeg,305325f0b60c814b2bce3bcafc1d6facfb28f7c5,323188,/30/53/25/f0/305325f0b60c814b2bce3bcafc1d6facfb28f7c5.jpg,,17924,136288
52107,2023-11-04 08:03:35,https://i3.ypcdn.com/blob/90f925e096e6e13ef8d4b465a7686a6a92cebfc2_640.jpg,image/jpeg,087a3075f929af4d0a6a25ad6e465f09b9cbf2e9,214784,/08/7a/30/75/087a3075f929af4d0a6a25ad6e465f09b9cbf2e9.jpg,,18084,136288
52110,2023-11-04 08:03:49,https://i4.ypcdn.com/blob/21d2a3a1bbaed4e44baccf60e3c5740cc1dadd3b_640.jpg,image/jpeg,8215df468fe5df9638935ec1bb267cad13801427,332189,/82/15/df/46/8215df468fe5df9638935ec1bb267cad13801427.jpg,,18085,136288
52114,2023-11-04 08:04:01,https://i4.ypcdn.com/blob/9e6093f7cc143f4836148b00420406bc42e747d1_640.jpg,image/jpeg,82564f1b78c54dca3533f383af11e9b493d106d8,199299,/82/56/4f/1b/82564f1b78c54dca3533f383af11e9b493d106d8.jpg,,18086,136288
52115,2023-11-04 08:04:12,https://i2.ypcdn.com/blob/2f2d632114275093db7eb463f83e0d3a121df954_640.jpg,image/jpeg,305325f0b60c814b2bce3bcafc1d6facfb28f7c5,323188,/30/53/25/f0/305325f0b60c814b2bce3bcafc1d6facfb28f7c5.jpg,,18087,136288
21004,2023-11-01 02:11:43,https://i4.ypcdn.com/blob/381f82af80c44e692d16d5f3063b37ea2180f31b_640.jpg,image/jpeg,8a0b269d497a30663abfd493875b09f4f24ee72b,208885,/8a/0b/26/9d/8a0b269d497a30663abfd493875b09f4f24ee72b.jpg,,29385,145322
21009,2023-11-01 02:12:57,https://i3.ypcdn.com/blob/6ef4797de6734278bae69e10b7d282fc6ea721b3_640.jpg,image/jpeg,ae44c4fb5bec1bbd729fd84c73af3febe78288bb,195488,/ae/44/c4/fb/ae44c4fb5bec1bbd729fd84c73af3febe78288bb.jpg,,29386,145322
21013,2023-11-01 02:13:31,https://i3.ypcdn.com/blob/45916dcc714f5c0dfe0e68edded320c5c475b82b_640.jpg,image/jpeg,418ec748a676e42b09e1c6385644f76372f5a3e9,182085,/41/8e/c7/48/418ec748a676e42b09e1c6385644f76372f5a3e9.jpg,,29387,145322
21017,2023-11-01 02:13:51,https://i1.ypcdn.com/blob/f7b216b733a711323cd6b614fd6a6e390ba56051_640.jpg,image/jpeg,23a3b6ee45beb3160896016659343b73e8426cce,212317,/23/a3/b6/ee/23a3b6ee45beb3160896016659343b73e8426cce.jpg,,29388,145322
22097,2023-11-01 06:09:16,https://i3.ypcdn.com/blob/381f82af80c44e692d16d5f3063b37ea2180f31b_640.jpg,image/jpeg,8a0b269d497a30663abfd493875b09f4f24ee72b,208885,/8a/0b/26/9d/8a0b269d497a30663abfd493875b09f4f24ee72b.jpg,,29740,145322
22099,2023-11-01 06:09:44,https://i1.ypcdn.com/blob/6ef4797de6734278bae69e10b7d282fc6ea721b3_640.jpg,image/jpeg,ae44c4fb5bec1bbd729fd84c73af3febe78288bb,195488,/ae/44/c4/fb/ae44c4fb5bec1bbd729fd84c73af3febe78288bb.jpg,,29741,145322
22102,2023-11-01 06:10:59,https://i1.ypcdn.com/blob/45916dcc714f5c0dfe0e68edded320c5c475b82b_640.jpg,image/jpeg,418ec748a676e42b09e1c6385644f76372f5a3e9,182085,/41/8e/c7/48/418ec748a676e42b09e1c6385644f76372f5a3e9.jpg,,29742,145322
22109,2023-11-01 06:13:47,https://i3.ypcdn.com/blob/f7b216b733a711323cd6b614fd6a6e390ba56051_640.jpg,image/jpeg,23a3b6ee45beb3160896016659343b73e8426cce,212317,/23/a3/b6/ee/23a3b6ee45beb3160896016659343b73e8426cce.jpg,,29743,145322
31210,2023-11-02 20:01:38,https://i2.ypcdn.com/blob/fb5d95582479454f243f89442e774d56fce50515_640.jpg,image/jpeg,a0ced2e42764398ae78d5f3264386efef53c9bb9,167639,/a0/ce/d2/e4/a0ced2e42764398ae78d5f3264386efef53c9bb9.jpg,,32872,149280
31212,2023-11-02 20:01:53,https://i4.ypcdn.com/blob/e215868f991b7afb0550db19307eea90b4ec5932_640.jpg,image/jpeg,36acc03092f7afe0771d4d893ea968dff5939ca6,192961,/36/ac/c0/30/36acc03092f7afe0771d4d893ea968dff5939ca6.jpg,,32873,149280
31219,2023-11-02 20:02:53,https://i2.ypcdn.com/blob/0887e2abf03323ed504900b443f0642ec1e979a7_640.jpg,image/jpeg,874903ef5d37849c6b7e69a30f80103af2be5596,203394,/87/49/03/ef/874903ef5d37849c6b7e69a30f80103af2be5596.jpg,,32874,149280
32338,2023-11-02 22:36:29,https://i3.ypcdn.com/blob/fb5d95582479454f243f89442e774d56fce50515_640.jpg,image/jpeg,a0ced2e42764398ae78d5f3264386efef53c9bb9,167639,/a0/ce/d2/e4/a0ced2e42764398ae78d5f3264386efef53c9bb9.jpg,,33278,149280
32339,2023-11-02 22:36:35,https://i3.ypcdn.com/blob/e215868f991b7afb0550db19307eea90b4ec5932_640.jpg,image/jpeg,36acc03092f7afe0771d4d893ea968dff5939ca6,192961,/36/ac/c0/30/36acc03092f7afe0771d4d893ea968dff5939ca6.jpg,,33279,149280
32354,2023-11-02 22:38:43,https://i3.ypcdn.com/blob/0887e2abf03323ed504900b443f0642ec1e979a7_640.jpg,image/jpeg,874903ef5d37849c6b7e69a30f80103af2be5596,203394,/87/49/03/ef/874903ef5d37849c6b7e69a30f80103af2be5596.jpg,,33280,149280
36171,2023-11-03 07:08:41,https://i1.ypcdn.com/blob/5b83708434c3ad79d39c4f4bcfb3c5c399289488_640.jpg,image/jpeg,a1ee4da7e7034c641847bf78831fbfaf59f20711,170950,/a1/ee/4d/a7/a1ee4da7e7034c641847bf78831fbfaf59f20711.jpg,,34639,153808
36173,2023-11-03 07:08:56,https://i2.ypcdn.com/blob/d2123cd38223549fd81c1b2f82922d533a2432de_640.jpg,image/jpeg,28a9d90c0804fa39033eb05b96b3aee65aba82fe,165032,/28/a9/d9/0c/28a9d90c0804fa39033eb05b96b3aee65aba82fe.jpg,,34640,153808
36177,2023-11-03 07:09:58,https://i1.ypcdn.com/blob/82287c47bf609097cfa3cb763805a9b65e64877c_640.jpg,image/jpeg,1145cc89fedc42e3bf756a85d911bdde3d68aeb7,172297,/11/45/cc/89/1145cc89fedc42e3bf756a85d911bdde3d68aeb7.jpg,,34641,153808
36178,2023-11-03 07:10:09,https://i2.ypcdn.com/blob/6e40e133c9d9a2fe3633e24110d95d2ab7fdd093_640.jpg,image/jpeg,629cac93e249cb60234b0fc9cda74ab66cfa5368,140632,/62/9c/ac/93/629cac93e249cb60234b0fc9cda74ab66cfa5368.jpg,,34642,153808
36668,2023-11-03 08:26:26,https://i3.ypcdn.com/blob/d2123cd38223549fd81c1b2f82922d533a2432de_640.jpg,image/jpeg,28a9d90c0804fa39033eb05b96b3aee65aba82fe,165032,/28/a9/d9/0c/28a9d90c0804fa39033eb05b96b3aee65aba82fe.jpg,,34831,153808
36671,2023-11-03 08:26:52,https://i3.ypcdn.com/blob/82287c47bf609097cfa3cb763805a9b65e64877c_640.jpg,image/jpeg,1145cc89fedc42e3bf756a85d911bdde3d68aeb7,172297,/11/45/cc/89/1145cc89fedc42e3bf756a85d911bdde3d68aeb7.jpg,,34832,153808
36673,2023-11-03 08:27:32,https://i3.ypcdn.com/blob/6e40e133c9d9a2fe3633e24110d95d2ab7fdd093_640.jpg,image/jpeg,629cac93e249cb60234b0fc9cda74ab66cfa5368,140632,/62/9c/ac/93/629cac93e249cb60234b0fc9cda74ab66cfa5368.jpg,,34833,153808
39769,2023-11-03 13:44:36,https://i4.ypcdn.com/blob/f9dd880c0c0e1d03e95a5a1e374b253c6ee20d28_640.jpg,image/jpeg,a100e9765a032793882c028608b2632e89ec4bb1,133366,/a1/00/e9/76/a100e9765a032793882c028608b2632e89ec4bb1.jpg,,35974,155207
39772,2023-11-03 13:44:42,https://i2.ypcdn.com/blob/d49de89b276a40c5b8540592dcf0831f33253d86_640.jpg,image/jpeg,063924aeae7a7693db2d3f0ed3c74e1213ff7f7f,115384,/06/39/24/ae/063924aeae7a7693db2d3f0ed3c74e1213ff7f7f.jpg,,35975,155207
39774,2023-11-03 13:44:59,https://i4.ypcdn.com/blob/d5f771538d753b7d79b918adc1eee89dc70dab97_640.jpg,image/jpeg,b83812e9116b1432bddcb9d3564681d80d81a643,239822,/b8/38/12/e9/b83812e9116b1432bddcb9d3564681d80d81a643.jpg,,35976,155207
39778,2023-11-03 13:45:17,https://i3.ypcdn.com/blob/402ca999c7eeb84d7a8c530964b897a451773754_640.jpg,image/jpeg,a194ca35520bd7c77cb7ffd8ea06fab2aa8eadcb,259507,/a1/94/ca/35/a194ca35520bd7c77cb7ffd8ea06fab2aa8eadcb.jpg,,35977,155207
40134,2023-11-03 14:19:52,https://i1.ypcdn.com/blob/f9dd880c0c0e1d03e95a5a1e374b253c6ee20d28_640.jpg,image/jpeg,a100e9765a032793882c028608b2632e89ec4bb1,133366,/a1/00/e9/76/a100e9765a032793882c028608b2632e89ec4bb1.jpg,,36103,155207
40136,2023-11-03 14:20:02,https://i3.ypcdn.com/blob/d49de89b276a40c5b8540592dcf0831f33253d86_640.jpg,image/jpeg,063924aeae7a7693db2d3f0ed3c74e1213ff7f7f,115384,/06/39/24/ae/063924aeae7a7693db2d3f0ed3c74e1213ff7f7f.jpg,,36104,155207
40143,2023-11-03 14:20:35,https://i1.ypcdn.com/blob/d5f771538d753b7d79b918adc1eee89dc70dab97_640.jpg,image/jpeg,b83812e9116b1432bddcb9d3564681d80d81a643,239822,/b8/38/12/e9/b83812e9116b1432bddcb9d3564681d80d81a643.jpg,,36105,155207
40597,2023-11-03 14:55:46,https://i2.ypcdn.com/blob/7a43eb1918eec4e9a7b18aacd47e05358f5720b8_640.jpg,image/jpeg,108491ef27367b11841264881ca8331cafb1dee6,199239,/10/84/91/ef/108491ef27367b11841264881ca8331cafb1dee6.jpg,,36273,155495
40602,2023-11-03 14:56:01,https://i4.ypcdn.com/blob/6181931d0582272effabc1b4842d1dfb1329f173_640.jpg,image/jpeg,556e24a6d63dc67498eb70f9fd60fb21510f55e7,191780,/55/6e/24/a6/556e24a6d63dc67498eb70f9fd60fb21510f55e7.jpg,,36274,155495
40604,2023-11-03 14:56:08,https://i2.ypcdn.com/blob/59559c895f2ce9383d511ce784b3650f21cf58d9_640.jpg,image/jpeg,2ff181ae1045d449419e820ff5dfabf72787c625,179313,/2f/f1/81/ae/2ff181ae1045d449419e820ff5dfabf72787c625.jpg,,36275,155495
40613,2023-11-03 14:57:00,https://i1.ypcdn.com/blob/91b3421e0f6acbd79f8327075a16e79ac414975b_640.jpg,image/jpeg,d4b5a7d43f066b0416dbd1e00cebfa07d9832284,229394,/d4/b5/a7/d4/d4b5a7d43f066b0416dbd1e00cebfa07d9832284.jpg,,36276,155495
41289,2023-11-03 16:07:05,https://i4.ypcdn.com/blob/7a43eb1918eec4e9a7b18aacd47e05358f5720b8_640.jpg,image/jpeg,108491ef27367b11841264881ca8331cafb1dee6,199239,/10/84/91/ef/108491ef27367b11841264881ca8331cafb1dee6.jpg,,36506,155495
41290,2023-11-03 16:07:11,https://i2.ypcdn.com/blob/6181931d0582272effabc1b4842d1dfb1329f173_640.jpg,image/jpeg,556e24a6d63dc67498eb70f9fd60fb21510f55e7,191780,/55/6e/24/a6/556e24a6d63dc67498eb70f9fd60fb21510f55e7.jpg,,36507,155495
41298,2023-11-03 16:08:00,https://i2.ypcdn.com/blob/91b3421e0f6acbd79f8327075a16e79ac414975b_640.jpg,image/jpeg,d4b5a7d43f066b0416dbd1e00cebfa07d9832284,229394,/d4/b5/a7/d4/d4b5a7d43f066b0416dbd1e00cebfa07d9832284.jpg,,36509,155495
41862,2023-11-03 16:55:09,https://i3.ypcdn.com/blob/f0e46e988564ba79d612bc751c420638c80a7613_640.jpg,image/jpeg,d504e29357a485bcec36f72ff0ffb65287a7ac5e,159527,/d5/04/e2/93/d504e29357a485bcec36f72ff0ffb65287a7ac5e.jpg,,36723,156010
5179,2023-10-30 03:20:33,https://i2.ypcdn.com/blob/7f3ca3fe797a115bdbd1fb43754470f44acbb152_640.jpg,image/jpeg,52e9e7e4211e10648e0c322f6efa19ffd34b21f1,255752,/52/e9/e7/e4/52e9e7e4211e10648e0c322f6efa19ffd34b21f1.jpg,,43768,170422
5181,2023-10-30 03:21:18,https://i2.ypcdn.com/blob/ae542dd4170fe907ec6171d697c037bcf83daae6_640.jpg,image/jpeg,837085f5f55f79242347cc8137858b94806a66cd,167496,/83/70/85/f5/837085f5f55f79242347cc8137858b94806a66cd.jpg,,43769,170422
5185,2023-10-30 03:21:48,https://i4.ypcdn.com/blob/674a3b363199efd977be0b6a13cb647a4150c534_640.jpg,image/jpeg,913c8843355aafea0efa43f1d9e6bbb13e16df89,157249,/91/3c/88/43/913c8843355aafea0efa43f1d9e6bbb13e16df89.jpg,,43770,170422
5191,2023-10-30 03:22:35,https://i1.ypcdn.com/blob/c6da13eca97a82c9089084a481d0748b44b4bfe6_640.jpg,image/jpeg,1e0d407f03e1325803882b2aebb8cdaec32361a8,157402,/1e/0d/40/7f/1e0d407f03e1325803882b2aebb8cdaec32361a8.jpg,,43771,170422
10023,2023-10-30 21:38:11,https://i4.ypcdn.com/blob/7d5936c25e5c879d195c5265effe97be8c06635e_640.jpg,image/jpeg,bbf66000e07d2b067676bbe8a94fe7a4b822212d,156082,/bb/f6/60/00/bbf66000e07d2b067676bbe8a94fe7a4b822212d.jpg,,45372,173284
10025,2023-10-30 21:38:20,https://i4.ypcdn.com/blob/fc1535aafd1647e5294c8e4727590893cecdb915_640.jpg,image/jpeg,09c064890f62704c1614554f28fc5ce3570a3b43,203269,/09/c0/64/89/09c064890f62704c1614554f28fc5ce3570a3b43.jpg,,45373,173284
10028,2023-10-30 21:38:30,https://i1.ypcdn.com/blob/4946afdfb6d01a2ce0b4c2ad6c430c2b74566728_640.jpg,image/jpeg,dbf8aaef08edc3f4f0a956ab19200fd6414d6e95,188040,/db/f8/aa/ef/dbf8aaef08edc3f4f0a956ab19200fd6414d6e95.jpg,,45374,173284
10032,2023-10-30 21:38:40,https://i1.ypcdn.com/blob/3f3095cf5a0a6547d940aadd527a36d4f9c63ad0_640.jpg,image/jpeg,9fe7eea3309b3eb767a0a56d28daa84bfe199437,224609,/9f/e7/ee/a3/9fe7eea3309b3eb767a0a56d28daa84bfe199437.jpg,,45375,173284
16314,2023-10-31 14:23:30,https://i1.ypcdn.com/blob/9587f048337656a9cc0a1c8598525ec9dc122a09_640.jpg,image/jpeg,07552b36c625d40d147b32d9d3ba4be39c911592,99541,/07/55/2b/36/07552b36c625d40d147b32d9d3ba4be39c911592.jpg,,47502,181289
16315,2023-10-31 14:24:09,https://i1.ypcdn.com/blob/140a0a4ceeb6c7ad086921d8d22ca9c04d5aeeab_640.jpg,image/jpeg,1be8255c82a217e2522e73fd3bd792074e3c1952,115875,/1b/e8/25/5c/1be8255c82a217e2522e73fd3bd792074e3c1952.jpg,,47503,181289
16317,2023-10-31 14:25:10,https://i4.ypcdn.com/blob/066c869b5beeb256a438ac16dc04a60d422515c0_640.jpg,image/jpeg,b9c4266badd60b289689d2db77ad4fe992c8ca13,85937,/b9/c4/26/6b/b9c4266badd60b289689d2db77ad4fe992c8ca13.jpg,,47504,181289
16318,2023-10-31 14:25:26,https://i1.ypcdn.com/blob/3a9d26ef611b63a1d1c3485e608c1d0db57e3640_640.jpg,image/jpeg,be67c77113d48119cfe861b7710346a70e41ba3f,155694,/be/67/c7/71/be67c77113d48119cfe861b7710346a70e41ba3f.jpg,,47505,181289
29773,2023-11-02 09:59:39,https://i1.ypcdn.com/blob/18221934ffd2c1dc1b0589c755df474fe646f6fe_640.jpg,image/jpeg,0102ff6beb82bdf98e53c4677a3b4b31a9946d6e,154039,/01/02/ff/6b/0102ff6beb82bdf98e53c4677a3b4b31a9946d6e.jpg,,52153,195368
29781,2023-11-02 10:02:36,https://i1.ypcdn.com/blob/8d916bcc6c596113a2ea44d6e8fdd3eb168916bf_640.jpg,image/jpeg,0b75c1ad182f5aa8c5a96a760d14f72ab81525f6,240760,/0b/75/c1/ad/0b75c1ad182f5aa8c5a96a760d14f72ab81525f6.jpg,,52154,195368
29782,2023-11-02 10:03:06,https://i3.ypcdn.com/blob/f3c7300f78bb02150348c32e604f0d8d9e4ebeb6_640.jpg,image/jpeg,f1330cef876bf8de7625e7dfefcd8a6b67450143,192964,/f1/33/0c/ef/f1330cef876bf8de7625e7dfefcd8a6b67450143.jpg,,52155,195368
29785,2023-11-02 10:04:42,https://i3.ypcdn.com/blob/ca0ef52518d24466005c98bc07dc0ff0dd8b6d5a_640.jpg,image/jpeg,993e1ec3f9e5009ea13e096e44741239b12ccdfd,281572,/99/3e/1e/c3/993e1ec3f9e5009ea13e096e44741239b12ccdfd.jpg,,52156,195368
2160,2023-10-29 21:42:09,https://i3.ypcdn.com/blob/d8f09a10389bcac4810908cb7d00c8eecd01c1ea_640.jpg,image/jpeg,5da617d3bfd8cd1c3d24557e786a8af400a0cb22,203476,/5d/a6/17/d3/5da617d3bfd8cd1c3d24557e786a8af400a0cb22.jpg,,693,201350
2163,2023-10-29 21:42:29,https://i3.ypcdn.com/blob/3a9313292533298c9e73078bbf3725253855fbec_640.jpg,image/jpeg,5546d499b74656ba6c4a0bcae5a11f4196c17167,206326,/55/46/d4/99/5546d499b74656ba6c4a0bcae5a11f4196c17167.jpg,,694,201350
11578,2023-10-31 00:07:06,https://i2.ypcdn.com/blob/0451eb07d8b678a293a8feaea1717111ed49f5e3_640.jpg,image/jpeg,5f6ebec8efe11d47fe0bb09400380ec4f9e0cf8b,125580,/5f/6e/be/c8/5f6ebec8efe11d47fe0bb09400380ec4f9e0cf8b.jpg,,4013,205639
11580,2023-10-31 00:07:24,https://i1.ypcdn.com/blob/9d74b222209a344c7eeec426813dd9375e4c79ab_640.jpg,image/jpeg,49c34046fce102fe7cdae7a79ab2726d792e5aab,267599,/49/c3/40/46/49c34046fce102fe7cdae7a79ab2726d792e5aab.jpg,,4014,205639
11583,2023-10-31 00:07:41,https://i4.ypcdn.com/blob/63c4ae696e6784f45baf4233cb23e370962a2348_640.jpg,image/jpeg,d409ee39c345e811307cacbb3e91fd531528167f,276966,/d4/09/ee/39/d409ee39c345e811307cacbb3e91fd531528167f.jpg,,4015,205639
11587,2023-10-31 00:07:54,https://i4.ypcdn.com/blob/dda669ba5cb5be1a4a9ae8f7ae03a4ed13b8d638_640.jpg,image/jpeg,348c1599c092d75a4fcc3c019f0ed4f93ade563e,260063,/34/8c/15/99/348c1599c092d75a4fcc3c019f0ed4f93ade563e.jpg,,4016,205639
44079,2023-11-03 20:01:17,https://i3.ypcdn.com/blob/727b01372d12dc1a2c103270dc084c13bc2d8a8e_640.jpg,image/jpeg,e5023189e65bef45b7748d7517752226dd6936fe,127190,/e5/02/31/89/e5023189e65bef45b7748d7517752226dd6936fe.jpg,,15320,221682
44085,2023-11-03 20:01:46,https://i3.ypcdn.com/blob/71b81a606f60646e47be4e95cb98fed308e155e4_640.jpg,image/jpeg,7036000573130ec0fd2b23ef522933ce13d61eac,115639,/70/36/00/05/7036000573130ec0fd2b23ef522933ce13d61eac.jpg,,15321,221682
44087,2023-11-03 20:01:58,https://i1.ypcdn.com/blob/4b0c3413ac48a71cef856986be5c44ab3c887823_640.jpg,image/jpeg,714df03d78f79210dcfd5a4b2760719673a5adbd,103768,/71/4d/f0/3d/714df03d78f79210dcfd5a4b2760719673a5adbd.jpg,,15322,221682
44091,2023-11-03 20:02:18,https://i4.ypcdn.com/blob/dd2c1c2b2e36811f5cf7dfd601b91ce86c8960a8_640.jpg,image/jpeg,c78a5609191a7dd2b8c9d06bbbda2d2692f5af9d,219863,/c7/8a/56/09/c78a5609191a7dd2b8c9d06bbbda2d2692f5af9d.jpg,,15323,221682
6433,2023-10-30 08:15:03,https://i4.ypcdn.com/blob/fb0df2d1359465b992e56b4b64ae6bbf9d6bcd2b_640.jpg,image/jpeg,1d6626685c15830277b099ec6acabd6db28c0045,213319,/1d/66/26/68/1d6626685c15830277b099ec6acabd6db28c0045.jpg,,24285,229765
6436,2023-10-30 08:17:25,https://i3.ypcdn.com/blob/407a01dd5221b5dd30be535adfb271eb717a6a05_640.jpg,image/jpeg,3e78141069ff11d4111b9aee8274e6fa8b6082dc,268869,/3e/78/14/10/3e78141069ff11d4111b9aee8274e6fa8b6082dc.jpg,,24286,229765
6437,2023-10-30 08:17:53,https://i2.ypcdn.com/blob/748d5743f8ffe7d0ac4204d14694956db969a9cc_640.jpg,image/jpeg,c755b3948ebb2416eea9bbe382dace163b2d41f0,167744,/c7/55/b3/94/c755b3948ebb2416eea9bbe382dace163b2d41f0.jpg,,24287,229765
6439,2023-10-30 08:18:18,https://i3.ypcdn.com/blob/027ea6d50d787279535462eda83a1e0f8ce05e32_640.jpg,image/jpeg,e382741b20a88e6c063e696ff962ed802e499818,177343,/e3/82/74/1b/e382741b20a88e6c063e696ff962ed802e499818.jpg,,24288,229765
26485,2023-11-01 22:49:40,https://i3.ypcdn.com/blob/c8bc7760dd0c155260ccc7389b012f4da4a3538f_640.jpg,image/jpeg,4d8e1374facb4bd337a2be98fe631008c594547a,200380,/4d/8e/13/74/4d8e1374facb4bd337a2be98fe631008c594547a.jpg,,31182,241882
52400,2023-11-04 08:29:56,https://i3.ypcdn.com/blob/02592c0075991ffe427dfd0b935d425ac7d15388_640.jpg,image/jpeg,6b83867d3f027fbeeadf2f84ac0a2f2527bac53b,186420,/6b/83/86/7d/6b83867d3f027fbeeadf2f84ac0a2f2527bac53b.jpg,,40373,257247
52401,2023-11-04 08:30:01,https://i4.ypcdn.com/blob/dcc9b19ab6acf182c3124b03894f3ad55a1ff2ff_640.jpg,image/jpeg,e4612d7960989e6aeaf03966fc715e4a59a47cb4,171120,/e4/61/2d/79/e4612d7960989e6aeaf03966fc715e4a59a47cb4.jpg,,40374,257247
9429,2023-10-30 20:32:38,https://i4.ypcdn.com/blob/d7faf97e38d549ab6db0e6c8d51cea64d6e8663b_640.jpg,image/jpeg,7a49be849421207c995b654a14fe1f5f810cb33a,177197,/7a/49/be/84/7a49be849421207c995b654a14fe1f5f810cb33a.jpg,,45180,265897
9432,2023-10-30 20:32:54,https://i4.ypcdn.com/blob/7591d2bf9f2ed5b32669480cb69508f3c0a10344_640.jpg,image/jpeg,270af957706b174234a0168a463a496a3441e4e1,200059,/27/0a/f9/57/270af957706b174234a0168a463a496a3441e4e1.jpg,,45181,265897
9435,2023-10-30 20:33:14,https://i4.ypcdn.com/blob/992e78c1175b403d564dd71100da12955ea4fd84_640.jpg,image/jpeg,b43e02d04e22f40b9cd267bd5f15ff98e7f5e7dd,271512,/b4/3e/02/d0/b43e02d04e22f40b9cd267bd5f15ff98e7f5e7dd.jpg,,45182,265897
9438,2023-10-30 20:33:44,https://i1.ypcdn.com/blob/36c38069e80325e3efc0c04182384025ab29abca_640.jpg,image/jpeg,fcfe87624c0eeccf35baff14b63b273487aa2f04,275929,/fc/fe/87/62/fcfe87624c0eeccf35baff14b63b273487aa2f04.jpg,,45183,265897
9620,2023-10-30 20:52:14,https://i1.ypcdn.com/blob/0d66d487e8b730fc1088b883e27a199a2ae58264_640.jpg,image/jpeg,1ab74aabf513b10b5091d020722a0bca6bd5bcb2,182434,/1a/b7/4a/ab/1ab74aabf513b10b5091d020722a0bca6bd5bcb2.jpg,,45239,265958
11673,2023-10-31 00:20:11,https://i2.ypcdn.com/blob/65d7a03da4dd5f9bd015a6ff7d98b146a492a874_640.jpg,image/jpeg,163396c907927b2cf5c4af3177c689956ce6cd22,255917,/16/33/96/c9/163396c907927b2cf5c4af3177c689956ce6cd22.jpg,,45926,267212
12500,2023-10-31 01:43:32,https://i2.ypcdn.com/blob/f86d633c904485f28c51d68dbe6b753254c6e6e4_640.jpg,image/jpeg,cd9004afba6692eaaaf719a42b3f32ab3252dacd,131295,/cd/90/04/af/cd9004afba6692eaaaf719a42b3f32ab3252dacd.jpg,,46211,267978
12503,2023-10-31 01:43:56,https://i4.ypcdn.com/blob/1e7846d76dff1b73632caeec77ecf2dc4e19b16b_640.jpg,image/jpeg,e0a6f85b5b232d7875ed035568f2d99946af04cc,142457,/e0/a6/f8/5b/e0a6f85b5b232d7875ed035568f2d99946af04cc.jpg,,46212,267978
14150,2023-10-31 06:20:01,https://i4.ypcdn.com/blob/9319f929c9c310e1b766a25045dcba0409bb7ebb_640.jpg,image/jpeg,9d61339b1a0e2e815764014c021eac6ddeadf838,173532,/9d/61/33/9b/9d61339b1a0e2e815764014c021eac6ddeadf838.jpg,,46778,269450
21543,2023-11-01 03:37:00,https://i2.ypcdn.com/blob/ba08e09b63d46ac157cdfafc3cc41cc0aa59298a_640.jpg,image/jpeg,2369f333393b15de02e0adf261fe0885184c17da,104775,/23/69/f3/33/2369f333393b15de02e0adf261fe0885184c17da.jpg,,49370,277411
21545,2023-11-01 03:37:25,https://i2.ypcdn.com/blob/3cbf9645c3198ed76354931b2b884096d05b841f_640.jpg,image/jpeg,676756ec19c1a173c2c4f43e9a827152a784aa5f,125090,/67/67/56/ec/676756ec19c1a173c2c4f43e9a827152a784aa5f.jpg,,49371,277411
21546,2023-11-01 03:37:41,https://i3.ypcdn.com/blob/057c07f8999d17fd01ecf8bd5baa920d6e2a1ad6_640.jpg,image/jpeg,6214206a574276ad22a154007f64014d897794bd,145239,/62/14/20/6a/6214206a574276ad22a154007f64014d897794bd.jpg,,49372,277411
21547,2023-11-01 03:37:56,https://i3.ypcdn.com/blob/31b7f6cb633346fce553790b7b254ade5e97707a_640.jpg,image/jpeg,9f5eb842cd4fad6f6d86d03258aa13554e8db2fe,114908,/9f/5e/b8/42/9f5eb842cd4fad6f6d86d03258aa13554e8db2fe.jpg,,49373,277411
25573,2023-11-01 21:26:20,https://i3.ypcdn.com/blob/ba08e09b63d46ac157cdfafc3cc41cc0aa59298a_640.jpg,image/jpeg,2369f333393b15de02e0adf261fe0885184c17da,104775,/23/69/f3/33/2369f333393b15de02e0adf261fe0885184c17da.jpg,,50737,283634
25574,2023-11-01 21:26:27,https://i2.ypcdn.com/blob/3cbf9645c3198ed76354931b2b884096d05b841f_640.jpg,image/jpeg,676756ec19c1a173c2c4f43e9a827152a784aa5f,125090,/67/67/56/ec/676756ec19c1a173c2c4f43e9a827152a784aa5f.jpg,,50738,283634
25577,2023-11-01 21:26:35,https://i4.ypcdn.com/blob/057c07f8999d17fd01ecf8bd5baa920d6e2a1ad6_640.jpg,image/jpeg,6214206a574276ad22a154007f64014d897794bd,145239,/62/14/20/6a/6214206a574276ad22a154007f64014d897794bd.jpg,,50739,283634
25578,2023-11-01 21:26:43,https://i2.ypcdn.com/blob/31b7f6cb633346fce553790b7b254ade5e97707a_640.jpg,image/jpeg,9f5eb842cd4fad6f6d86d03258aa13554e8db2fe,114908,/9f/5e/b8/42/9f5eb842cd4fad6f6d86d03258aa13554e8db2fe.jpg,,50740,283634
28559,2023-11-02 02:32:55,https://i2.ypcdn.com/blob/d365f70c6c53b88e42e43c9c217a83251c148f6e_640.jpg,image/jpeg,f49cbdcb90425cf3393d4c8d2abf6c8a0251c51e,142771,/f4/9c/bd/cb/f49cbdcb90425cf3393d4c8d2abf6c8a0251c51e.jpg,,51752,285808
30687,2023-11-02 18:37:49,https://i4.ypcdn.com/blob/03734dba0dc4a2c7b16b81ea2d9561f05ca6fe52_640.jpg,image/jpeg,11067006c3b6a8d7ff6047900c62ad9fa4d83268,202532,/11/06/70/06/11067006c3b6a8d7ff6047900c62ad9fa4d83268.jpg,,52449,287419
30689,2023-11-02 18:38:03,https://i1.ypcdn.com/blob/7f9053234a6ad94fd76e54581464e534c160cfae_640.jpg,image/jpeg,152c310fc292f5b675e53402c266600fbfbfcf46,192700,/15/2c/31/0f/152c310fc292f5b675e53402c266600fbfbfcf46.jpg,,52450,287419
30690,2023-11-02 18:38:12,https://i1.ypcdn.com/blob/14d0023c3e2eae06383fd7434be0a0b9feb2af72_640.jpg,image/jpeg,006ecb67a9848cd30ccce53345cbfe36625de642,114651,/00/6e/cb/67/006ecb67a9848cd30ccce53345cbfe36625de642.jpg,,52451,287419
30694,2023-11-02 18:38:38,https://i3.ypcdn.com/blob/d08c98aaf25a0049835cc3b879743c763fce8438_640.jpg,image/jpeg,ac26d8c2cc3e03b821cb09eb862aa4c8a9f9836d,246854,/ac/26/d8/c2/ac26d8c2cc3e03b821cb09eb862aa4c8a9f9836d.jpg,,52452,287419
34817,2023-11-03 03:53:27,https://i4.ypcdn.com/blob/112d903d3acf0c580b3e364564631b37c85f2a3d_640.jpg,image/jpeg,6cab51165ffe58437b6666a5441a3bc8de484494,290287,/6c/ab/51/16/6cab51165ffe58437b6666a5441a3bc8de484494.jpg,,53876,294371
34820,2023-11-03 03:53:34,https://i1.ypcdn.com/blob/3b97c77529d96a15a2d9827ce27da1c8b6e046f3_640.jpg,image/jpeg,c00c03847a4212984dac621a5be20777700a5397,224016,/c0/0c/03/84/c00c03847a4212984dac621a5be20777700a5397.jpg,,53877,294371
34831,2023-11-03 03:54:21,https://i2.ypcdn.com/blob/13622133e8f9622103ed5e99421056d535699084_640.jpg,image/jpeg,8eaad12b8ad867b42906b88a5b6ba30a02122bf4,286918,/8e/aa/d1/2b/8eaad12b8ad867b42906b88a5b6ba30a02122bf4.jpg,,53878,294371
34834,2023-11-03 03:54:38,https://i2.ypcdn.com/blob/5692bf0e06c3432ead9151419281c202216b6f8f_640.jpg,image/jpeg,50dd7ac32ad5c383f9f5575d6374e26c936caa86,193872,/50/dd/7a/c3/50dd7ac32ad5c383f9f5575d6374e26c936caa86.jpg,,53879,294371
38291,2023-11-03 11:37:15,https://i4.ypcdn.com/blob/03e0ab73d2fc4a559992547e936ed987758c0b32_640.jpg,image/jpeg,dc4157f96f5abac42e77f683735a8be3845b1d87,224935,/dc/41/57/f9/dc4157f96f5abac42e77f683735a8be3845b1d87.jpg,,55029,302051
38294,2023-11-03 11:37:23,https://i3.ypcdn.com/blob/7a21086bd15662eca45e1628ed7260b62a440f89_640.jpg,image/jpeg,521e06df9c3e0961d5d7d987d5747b21583cfec9,268009,/52/1e/06/df/521e06df9c3e0961d5d7d987d5747b21583cfec9.jpg,,55030,302051
38297,2023-11-03 11:37:32,https://i4.ypcdn.com/blob/f219349cdd4bcd166064c1f3fde8acda6d32c877_640.jpg,image/jpeg,d6a069a36ce74005d9cf871e806bf41954b74eac,170548,/d6/a0/69/a3/d6a069a36ce74005d9cf871e806bf41954b74eac.jpg,,55031,302051
38298,2023-11-03 11:37:41,https://i4.ypcdn.com/blob/fc50ce43d22191ee7eb68752c74f33d26a296406_640.jpg,image/jpeg,0b71f59c8dc4e17d99f459b219f9b790db690754,288131,/0b/71/f5/9c/0b71f59c8dc4e17d99f459b219f9b790db690754.jpg,,55032,302051
40798,2023-11-03 15:11:31,https://i1.ypcdn.com/blob/4a922c47c4c2d3b98d4c0ac57f7301542b602345_640.jpg,image/jpeg,880a8d6a26fb7609c92a92337a694acfda91d57b,162992,/88/0a/8d/6a/880a8d6a26fb7609c92a92337a694acfda91d57b.jpg,,55882,306263
40801,2023-11-03 15:11:39,https://i3.ypcdn.com/blob/d2b73f5a9569a85fbd92de234252cfde7fa5c365_640.jpg,image/jpeg,9cf1d4504fbe4eb518254d7084caeecc8ad1679b,194392,/9c/f1/d4/50/9cf1d4504fbe4eb518254d7084caeecc8ad1679b.jpg,,55883,306263
40804,2023-11-03 15:11:48,https://i3.ypcdn.com/blob/40ce4c4525f08c9f892f470aaf248d4b895c0050_640.jpg,image/jpeg,b9d42d9235f1b853b8430b4555143d0049e1f789,167634,/b9/d4/2d/92/b9d42d9235f1b853b8430b4555143d0049e1f789.jpg,,55884,306263
40808,2023-11-03 15:12:09,https://i3.ypcdn.com/blob/af6db46cf30bbff1a7400925c24a39c90315080e_640.jpg,image/jpeg,9f951f731933f0ce533a327d90f45c28fb9a91c1,290845,/9f/95/1f/73/9f951f731933f0ce533a327d90f45c28fb9a91c1.jpg,,55885,306263
46906,2023-11-04 00:18:09,https://i3.ypcdn.com/blob/b0c80953babf58deda404522ec834a3b2faff9a3_640.jpg,image/jpeg,675bf8c1ef0fed26e2b1e9d41732548408abb872,200882,/67/5b/f8/c1/675bf8c1ef0fed26e2b1e9d41732548408abb872.jpg,,57907,324508
46909,2023-11-04 00:18:23,https://i4.ypcdn.com/blob/a50f22e4af7a8ad2afddecf16296a7356ceda716_640.jpg,image/jpeg,ee1f7d783f126af250433299e6c2e7b43700567c,285535,/ee/1f/7d/78/ee1f7d783f126af250433299e6c2e7b43700567c.jpg,,57908,324508
46914,2023-11-04 00:18:53,https://i4.ypcdn.com/blob/38af9bd3e69aba21533339cbc1a8afa883486dec_640.jpg,image/jpeg,263d91f096255fc8450a36679c6c8ffaaf320e20,285267,/26/3d/91/f0/263d91f096255fc8450a36679c6c8ffaaf320e20.jpg,,57909,324508
61699,2023-11-05 10:25:38,https://i3.ypcdn.com/blob/9b17ec9ca6e7b0bac4fcf725332845a61e3b9c2f_640.jpg,image/jpeg,3f54ddc463698ec2e437b590ac221fea49a1fcd3,105734,/3f/54/dd/c4/3f54ddc463698ec2e437b590ac221fea49a1fcd3.jpg,,63714,336816
61700,2023-11-05 10:26:48,https://i4.ypcdn.com/blob/c00f7381d817313d5e495b9618a477a47bc6273f_640.jpg,image/jpeg,2ba272f99ed81a2df796cc58324b4a336aabe5a9,72170,/2b/a2/72/f9/2ba272f99ed81a2df796cc58324b4a336aabe5a9.jpg,,63715,336816
62078,2023-11-05 12:51:36,https://i1.ypcdn.com/blob/f3c337610137cc697b8b193e7660516d6a5a5e62_640.jpg,image/jpeg,03e3e3ec47cd1d099522c3c70d4a85e9d437b984,93893,/03/e3/e3/ec/03e3e3ec47cd1d099522c3c70d4a85e9d437b984.jpg,,64093,337342
55937,2023-11-04 14:40:08,https://i2.ypcdn.com/blob/a837f145545272e012071c3b6e66c42294463db5_640.jpg,image/jpeg,a147f4dfe1585ca09420ed76d72740e2e8b51557,143590,/a1/47/f4/df/a147f4dfe1585ca09420ed76d72740e2e8b51557.jpg,,60852,341147
55942,2023-11-04 14:40:41,https://i3.ypcdn.com/blob/4aba5491363ab47d7198fb9e47fa50ac4085db82_640.jpg,image/jpeg,5e1af58c07762a05b9c15f7c13b50d6b92039306,157211,/5e/1a/f5/8c/5e1af58c07762a05b9c15f7c13b50d6b92039306.jpg,,60853,341147
56896,2023-11-04 18:25:05,https://i4.ypcdn.com/blob/24df4355c0f14e32a36655cdad275b6e34e4c7f4_640.jpg,image/jpeg,1e04490de93ccee888307e30e87e6194427071c1,209067,/1e/04/49/0d/1e04490de93ccee888307e30e87e6194427071c1.jpg,,61192,341578
63586,2023-11-05 19:35:46,https://i2.ypcdn.com/blob/96abe2effe1a9777056728ccbb15bf4e0cbd8967_640.jpg,image/jpeg,03ada673b5a5e2f7d051bb05e8844ae212d38561,189510,/03/ad/a6/73/03ada673b5a5e2f7d051bb05e8844ae212d38561.jpg,,65606,347416
64055,2023-11-05 21:53:31,https://i2.ypcdn.com/blob/c58be548346d738f87db40f97461a89166035eee_640.jpg,image/jpeg,8741b73a0a9493b8cae48f7e3f7e612be1f1c4e2,189240,/87/41/b7/3a/8741b73a0a9493b8cae48f7e3f7e612be1f1c4e2.jpg,,66076,348054
64056,2023-11-05 21:53:46,https://i2.ypcdn.com/blob/acef552149b7f6189e1e2bb152f579e6b41a346a_640.jpg,image/jpeg,c1f9039a0192a96977a206c3a91287a51430eb3a,239959,/c1/f9/03/9a/c1f9039a0192a96977a206c3a91287a51430eb3a.jpg,,66077,348054
64057,2023-11-05 21:53:53,https://i2.ypcdn.com/blob/5331de70c455ce74f76e2937b981541924412c89_640.jpg,image/jpeg,00738c83c06c175c3681011f3a23086ea6deb4e8,198650,/00/73/8c/83/00738c83c06c175c3681011f3a23086ea6deb4e8.jpg,,66078,348054
64058,2023-11-05 21:54:02,https://i1.ypcdn.com/blob/d3a745eb7d0a2135116a1cf9cd94e5355bf2f428_640.jpg,image/jpeg,821a3ed0052c3aaec1c75a18fff1761db69a2700,167143,/82/1a/3e/d0/821a3ed0052c3aaec1c75a18fff1761db69a2700.jpg,,66079,348054
2520,2023-10-29 22:13:31,https://i1.ypcdn.com/blob/c7250007c85c29429cbc82a680a5fb06eaa317bb_640.jpg,image/jpeg,3c7b61b5a61669e126b8786899a5fa78b5ac6930,145343,/3c/7b/61/b5/3c7b61b5a61669e126b8786899a5fa78b5ac6930.jpg,,809,350840
12011,2023-10-31 00:51:26,https://i2.ypcdn.com/blob/fcd912b268e47ce12bb95b661c9f7e894d522970_640.jpg,image/jpeg,18d7ba80e6ddeaf6fd59900468e5ec1b1e3fa19e,140986,/18/d7/ba/80/18d7ba80e6ddeaf6fd59900468e5ec1b1e3fa19e.jpg,,4164,353415
12014,2023-10-31 00:51:41,https://i4.ypcdn.com/blob/e9c8496f4b6de613ba2b0c970bd3b3300ed0c299_640.jpg,image/jpeg,0b08e86661dd085e57eebfe05c85f94e49bbbb6e,327159,/0b/08/e8/66/0b08e86661dd085e57eebfe05c85f94e49bbbb6e.jpg,,4165,353415
12021,2023-10-31 00:52:13,https://i1.ypcdn.com/blob/e72be8778480eef2c68b70ce7606c1613e34a1fd_640.jpg,image/jpeg,adba81d07fb9cd69a559e2fd25308286efbb3d54,225787,/ad/ba/81/d0/adba81d07fb9cd69a559e2fd25308286efbb3d54.jpg,,4166,353415
12022,2023-10-31 00:52:18,https://i3.ypcdn.com/blob/e0a1bfacabf1516813a7b8a616f17e7f2a6fa15b_640.jpg,image/jpeg,b48e4f6a24d5bdda0daaf24588cec12e48bdca3f,231658,/b4/8e/4f/6a/b48e4f6a24d5bdda0daaf24588cec12e48bdca3f.jpg,,4167,353415
22827,2023-11-01 10:20:39,https://i2.ypcdn.com/blob/5b6ef7c49a2045920ece227cd3e1482220f21979_640.jpg,image/jpeg,04edb2f86143bfc5dc1466ef7fb1790d50836903,163313,/04/ed/b2/f8/04edb2f86143bfc5dc1466ef7fb1790d50836903.jpg,,8021,356849
26570,2023-11-01 22:55:38,https://i2.ypcdn.com/blob/a2c5327bc572e8637db44a8abdd46d62a913f771_640.jpg,image/jpeg,5f086c8fc933ce86cd061a8b66ae08f39f30bf02,149522,/5f/08/6c/8f/5f086c8fc933ce86cd061a8b66ae08f39f30bf02.jpg,,9398,357982
26572,2023-11-01 22:55:48,https://i4.ypcdn.com/blob/e50dd9112f3264722c9f3ca2bd4ca1564b14bf04_640.jpg,image/jpeg,45e3edb2f7794e4cba25f82b33b55a73cb3567a9,326769,/45/e3/ed/b2/45e3edb2f7794e4cba25f82b33b55a73cb3567a9.jpg,,9399,357982
26574,2023-11-01 22:55:54,https://i1.ypcdn.com/blob/c0314c2c92ab727c02be3bc9f4a7401b2009c08d_640.jpg,image/jpeg,15c59a745161fc56b1e0d961cfef8518be37e8b6,101368,/15/c5/9a/74/15c59a745161fc56b1e0d961cfef8518be37e8b6.jpg,,9400,357982
26576,2023-11-01 22:56:06,https://i3.ypcdn.com/blob/38ba21e036b99ec4dd2a25ca56a5da4729a40be0_640.jpg,image/jpeg,0c39e0099867a860ce957a6fbe7bebe2f660bc9f,162493,/0c/39/e0/09/0c39e0099867a860ce957a6fbe7bebe2f660bc9f.jpg,,9401,357982
26957,2023-11-01 23:28:33,https://i4.ypcdn.com/blob/573c14fbbdc9039507cfc36d79e313de6b5e7beb_640.jpg,image/jpeg,469026b8fa70b1c1918ac2fe5b4f1878757ae1f7,265357,/46/90/26/b8/469026b8fa70b1c1918ac2fe5b4f1878757ae1f7.jpg,,9549,358099
26961,2023-11-01 23:28:46,https://i4.ypcdn.com/blob/af6a1c2b7c241355b527eabcd019f4234c4abfb5_640.jpg,image/jpeg,49e921656091aac87903dc23749c9cb480217d64,228546,/49/e9/21/65/49e921656091aac87903dc23749c9cb480217d64.jpg,,9550,358099
26963,2023-11-01 23:29:01,https://i3.ypcdn.com/blob/1af6801dd8cc40f786e54fbe91c03ec2bd8964d9_640.jpg,image/jpeg,5286826d7753acfabb554e428cdeb8a65ecd4a16,181025,/52/86/82/6d/5286826d7753acfabb554e428cdeb8a65ecd4a16.jpg,,9551,358099
26967,2023-11-01 23:29:27,https://i2.ypcdn.com/blob/6aa5749fd6698e855b30f57b4226029507a23475_640.jpg,image/jpeg,45c9604c09e9f5d76af48b15c86dac639cb7cc5f,184935,/45/c9/60/4c/45c9604c09e9f5d76af48b15c86dac639cb7cc5f.jpg,,9552,358099
37327,2023-11-03 10:04:17,https://i3.ypcdn.com/blob/2bfd1e281bb5820bc0b746b55b94fbf1bd378693_640.jpg,image/jpeg,fffb70d2971f18470a4dcab1b05ebdc72c6c52ca,73255,/ff/fb/70/d2/fffb70d2971f18470a4dcab1b05ebdc72c6c52ca.jpg,,13080,363229
41665,2023-11-03 16:40:01,https://i1.ypcdn.com/blob/3090670cd49cc41d240f70f4aa80d76a9082c871_640.jpg,image/jpeg,87d47074fc5c51db6bbdf42dbd99545ce0bfb481,275011,/87/d4/70/74/87d47074fc5c51db6bbdf42dbd99545ce0bfb481.jpg,,14520,365361
41669,2023-11-03 16:40:29,https://i1.ypcdn.com/blob/f0ad477cf4f194056f0fdec1282cf97beba5aa12_640.jpg,image/jpeg,a1bd120bdca387f533f42390155caf6ca29219c2,285750,/a1/bd/12/0b/a1bd120bdca387f533f42390155caf6ca29219c2.jpg,,14521,365361
41672,2023-11-03 16:40:43,https://i3.ypcdn.com/blob/ebced20c87106dbacb79a3ad82b42b6ce3f30a10_640.jpg,image/jpeg,d5ffd0a13a50abecc1cfcbed70783d18f2cccbc2,113588,/d5/ff/d0/a1/d5ffd0a13a50abecc1cfcbed70783d18f2cccbc2.jpg,,14522,365361
13569,2023-10-31 04:08:55,https://i1.ypcdn.com/blob/ab1c7b42208485a8a696e8eaeea8e95bc1fc40ba_640.jpg,image/jpeg,babd8011b94c396afd198f1e7a9918c750275e8e,317263,/ba/bd/80/11/babd8011b94c396afd198f1e7a9918c750275e8e.jpg,,26767,396077
13572,2023-10-31 04:09:22,https://i1.ypcdn.com/blob/91ba2ca481dd2b95f63357bcfc54c7bef66f28d0_640.jpg,image/jpeg,f1a05949db0f91c88bedbf128e60052501d1d060,307025,/f1/a0/59/49/f1a05949db0f91c88bedbf128e60052501d1d060.jpg,,26768,396077
13574,2023-10-31 04:09:40,https://i1.ypcdn.com/blob/7ef3c68955552401482945549759b69a57c12c42_640.jpg,image/jpeg,10299df0628a0b119b167a79af4ec711e6a48aea,161048,/10/29/9d/f0/10299df0628a0b119b167a79af4ec711e6a48aea.jpg,,26769,396077
41782,2023-11-03 16:50:21,https://i2.ypcdn.com/blob/c42ca5c94dd6a305813e232722d7542c44d849e4_640.jpg,image/jpeg,a30bcdab48bedfafd298372ff8ef8e5d41a0cbfd,81599,/a3/0b/cd/ab/a30bcdab48bedfafd298372ff8ef8e5d41a0cbfd.jpg,,36695,414070
48013,2023-11-04 01:53:23,https://i4.ypcdn.com/blob/5911785870acdaced219c52348718c51585b1660_640.jpg,image/jpeg,d382e13fecd97a5b2eb35686d5176893b4ef1f6d,190850,/d3/82/e1/3f/d382e13fecd97a5b2eb35686d5176893b4ef1f6d.jpg,,38849,419153
50256,2023-11-04 05:40:36,https://i3.ypcdn.com/blob/e9a3f98906fc3f58251d9e7804a42400e93ac241_640.jpg,image/jpeg,25c4d216e19b782fb31b87352a379114d1013e08,309410,/25/c4/d2/16/25c4d216e19b782fb31b87352a379114d1013e08.jpg,,39621,422310
50259,2023-11-04 05:40:48,https://i2.ypcdn.com/blob/ab40537a0717be68faeb9e19427f06d24cbd2071_640.jpg,image/jpeg,9e65003be59aa82e515ebe9bee581d251df1f330,252313,/9e/65/00/3b/9e65003be59aa82e515ebe9bee581d251df1f330.jpg,,39622,422310
2998,2023-10-29 22:59:57,https://i2.ypcdn.com/blob/d460f99cd5b7cc52ad6fb564b98cae6496a5846a_640.jpg,image/jpeg,0e5ff7b132a93fc9f3dfa222022c44fe93db3b1f,187951,/0e/5f/f7/b1/0e5ff7b132a93fc9f3dfa222022c44fe93db3b1f.jpg,,43034,443764
5980,2023-10-30 06:09:18,https://i1.ypcdn.com/blob/c1cce5125972b61f0573ff4160558b5dcd6c880f_640.jpg,image/jpeg,55a3bb863a3d45d07f98dbda147ac15cb9d6217e,218453,/55/a3/bb/86/55a3bb863a3d45d07f98dbda147ac15cb9d6217e.jpg,,44031,446296
5981,2023-10-30 06:09:48,https://i3.ypcdn.com/blob/0c340bad9ce0e2e773f91a847f700874f476cb2e_640.jpg,image/jpeg,3120cbba5cf46e5b170aef8705ca51ddc923989e,206986,/31/20/cb/ba/3120cbba5cf46e5b170aef8705ca51ddc923989e.jpg,,44032,446296
5985,2023-10-30 06:13:22,https://i2.ypcdn.com/blob/ae70128170bc81df436bc07e3c5c14c35f3d7cb3_640.jpg,image/jpeg,18b55bb7b9dbb51158514bbe020c46f3fa91e300,201017,/18/b5/5b/b7/18b55bb7b9dbb51158514bbe020c46f3fa91e300.jpg,,44033,446296
5986,2023-10-30 06:13:59,https://i1.ypcdn.com/blob/aaf5b1c6e5feef117236b1ba3fdb15df1c5683db_640.jpg,image/jpeg,5129e563f71c2bf390c611ddc1031b94b97974c5,159963,/51/29/e5/63/5129e563f71c2bf390c611ddc1031b94b97974c5.jpg,,44034,446296
10647,2023-10-30 22:42:36,https://i4.ypcdn.com/blob/e5d38664c3331634ee1fdb00c603a8cbe0cbca00_640.jpg,image/jpeg,720ead62c11c55a53d7acc31748dbb9918870abf,347725,/72/0e/ad/62/720ead62c11c55a53d7acc31748dbb9918870abf.jpg,,45575,449068
10649,2023-10-30 22:42:43,https://i1.ypcdn.com/blob/61e4a7c08e518c1448ea9c2a681ee237dc84157b_640.jpg,image/jpeg,ce32721c2ab8740ab0bc65480c4164bd0f5ead51,92233,/ce/32/72/1c/ce32721c2ab8740ab0bc65480c4164bd0f5ead51.jpg,,45576,449068
10650,2023-10-30 22:42:55,https://i2.ypcdn.com/blob/37072cb1aeb42f61943ff677f12c4ff3131f9f6f_640.jpg,image/jpeg,5d4608b95af58d69aab262e11faf4b98095f8a83,77910,/5d/46/08/b9/5d4608b95af58d69aab262e11faf4b98095f8a83.jpg,,45577,449068
10653,2023-10-30 22:43:03,https://i1.ypcdn.com/blob/16ad82afaa81b61f438fc1767a5825aa28cdf99a_640.jpg,image/jpeg,56bb156f7ac94846d06950e28f81dc83d2a68ef1,101023,/56/bb/15/6f/56bb156f7ac94846d06950e28f81dc83d2a68ef1.jpg,,45578,449068
16801,2023-10-31 18:19:00,https://i3.ypcdn.com/blob/eef8daed59b83ecdba03dab5abc6c759c1cf40a7_640.jpg,image/jpeg,a4579ee9e0e4374b21b956d871bb0e1c7707aeb2,303894,/a4/57/9e/e9/a4579ee9e0e4374b21b956d871bb0e1c7707aeb2.jpg,,47663,457983
16803,2023-10-31 18:19:10,https://i1.ypcdn.com/blob/bb08251601ea2de61fb0eab40472d0f3eff53cea_640.jpg,image/jpeg,7c2c02ea85e64b70a9a4403654d0f64278a02311,168230,/7c/2c/02/ea/7c2c02ea85e64b70a9a4403654d0f64278a02311.jpg,,47664,457983
16808,2023-10-31 18:19:33,https://i2.ypcdn.com/blob/b9ee0e8bbe3219ea875b0f68859bc64c9aac43fe_640.jpg,image/jpeg,cc6dd6d4e703a0bc269c101ac1a65f3e69f48072,236912,/cc/6d/d6/d4/cc6dd6d4e703a0bc269c101ac1a65f3e69f48072.jpg,,47665,457983
16816,2023-10-31 18:20:30,https://i1.ypcdn.com/blob/a830f84c2860a5b4a101c7cb97a5d2b1550aac3c_640.jpg,image/jpeg,02a0356eb660ece8e3039269fca218d8af750d5b,452038,/02/a0/35/6e/02a0356eb660ece8e3039269fca218d8af750d5b.jpg,,47666,457983
22461,2023-11-01 08:21:15,https://i3.ypcdn.com/blob/bffa55cd31b442c40fe3c2bf39ece7048ca9e8b3_640.jpg,image/jpeg,e725d7e7e027aff7bdee49b78fd013d50e15a9e2,298754,/e7/25/d7/e7/e725d7e7e027aff7bdee49b78fd013d50e15a9e2.jpg,,49706,463453
22463,2023-11-01 08:22:25,https://i4.ypcdn.com/blob/31c134ed718f9e07888a26c8a336a4358a00b431_640.jpg,image/jpeg,0cdcad9e0b45965cbd473fc0171661ee686380b2,343540,/0c/dc/ad/9e/0cdcad9e0b45965cbd473fc0171661ee686380b2.jpg,,49707,463453
22464,2023-11-01 08:22:42,https://i4.ypcdn.com/blob/b9b991f74eccfe9e087ea2e36bef866c23d83a4a_640.jpg,image/jpeg,585a89543b8986be63b95c1cc72a4e37ee954677,53541,/58/5a/89/54/585a89543b8986be63b95c1cc72a4e37ee954677.jpg,,49708,463453
22465,2023-11-01 08:22:59,https://i4.ypcdn.com/blob/5b8529c95fb7fcb4930759a13d47e294625c3b8a_640.jpg,image/jpeg,2630a3986e87422fd17ea70b85c4db56d5c4c9d1,208391,/26/30/a3/98/2630a3986e87422fd17ea70b85c4db56d5c4c9d1.jpg,,49709,463453
23952,2023-11-01 18:25:47,https://i1.ypcdn.com/blob/dad08b3e3edad5576c20e85f6d40812e003a0ad2_640.jpg,image/jpeg,955d9fae71d3bb69c72a0f160b7c5f8263bbe7a4,139768,/95/5d/9f/ae/955d9fae71d3bb69c72a0f160b7c5f8263bbe7a4.jpg,,50210,464842
23955,2023-11-01 18:26:45,https://i1.ypcdn.com/blob/a918e839241e78daef7d1151d8cf69876682ac11_640.jpg,image/jpeg,dda2e62942834628a90c040ffb27cea9321a1d3e,184357,/dd/a2/e6/29/dda2e62942834628a90c040ffb27cea9321a1d3e.jpg,,50211,464842
23957,2023-11-01 18:27:03,https://i1.ypcdn.com/blob/0ee210a5301679768e5d0be3b0c9c5f0705006fe_640.jpg,image/jpeg,831b6d91ac71eba07d7dccd6cc5377a656d48cf2,138614,/83/1b/6d/91/831b6d91ac71eba07d7dccd6cc5377a656d48cf2.jpg,,50212,464842
23959,2023-11-01 18:27:30,https://i3.ypcdn.com/blob/6222f3ca2104aa77c1b4888766181e35a3f9d227_640.jpg,image/jpeg,a67013b15afd3d59b341117e619df880ff18bedd,267049,/a6/70/13/b1/a67013b15afd3d59b341117e619df880ff18bedd.jpg,,50213,464842
24064,2023-11-01 18:45:06,https://i4.ypcdn.com/blob/26e3a7be1e94351eb5d850e6a0817ce0cdb55ff6_640.jpg,image/jpeg,bfcf238a4c8c795d1514622b1c251baeaae1c4c6,193340,/bf/cf/23/8a/bfcf238a4c8c795d1514622b1c251baeaae1c4c6.jpg,,50247,464941
24067,2023-11-01 18:45:26,https://i2.ypcdn.com/blob/9e4647112e07dd73f07d8f52f21b67ed198891fa_640.jpg,image/jpeg,c8654f85ac2ab4fb064bcb6a9fa19ae504ce7486,204956,/c8/65/4f/85/c8654f85ac2ab4fb064bcb6a9fa19ae504ce7486.jpg,,50248,464941
24069,2023-11-01 18:45:37,https://i3.ypcdn.com/blob/ddb3bc7f7e717644cf29f945e25c8b812b39aa31_640.jpg,image/jpeg,b0c910e138150e5bc95779506c0a28ef9bb2d084,170168,/b0/c9/10/e1/b0c910e138150e5bc95779506c0a28ef9bb2d084.jpg,,50249,464941
24071,2023-11-01 18:45:55,https://i1.ypcdn.com/blob/b615b8219c2b904fbcdf27dfbd23dbf18dabaeb6_640.jpg,image/jpeg,3f231303356a13c1a636bb21de2ae85303747d21,240233,/3f/23/13/03/3f231303356a13c1a636bb21de2ae85303747d21.jpg,,50250,464941
24199,2023-11-01 19:03:26,https://i3.ypcdn.com/blob/a202a0e7c319e6ca2987c09559da8ee050424cc1_640.jpg,image/jpeg,5a8671d47e2232934371e49e3bcfb8d0c9927f84,89387,/5a/86/71/d4/5a8671d47e2232934371e49e3bcfb8d0c9927f84.jpg,,50292,465053
24205,2023-11-01 19:04:19,https://i4.ypcdn.com/blob/494c68b9d5869c8f5434fe2e6a408901ed91ce0e_640.jpg,image/jpeg,3c3bbffaed705bb2929356b749352401d07c936f,130552,/3c/3b/bf/fa/3c3bbffaed705bb2929356b749352401d07c936f.jpg,,50293,465053
24206,2023-11-01 19:04:44,https://i2.ypcdn.com/blob/692185c3d37ed65b5c6841f1ee1b2a73f28b0399_640.jpg,image/jpeg,e577990fe0421409c2871d33bb185e92b6672dc1,149074,/e5/77/99/0f/e577990fe0421409c2871d33bb185e92b6672dc1.jpg,,50294,465053
24208,2023-11-01 19:04:52,https://i3.ypcdn.com/blob/126bae8b8b4bb9ba398d4265979c695a5af95c41_640.jpg,image/jpeg,64bdbef520ed192221ed7989cf1ce487928892c8,80417,/64/bd/be/f5/64bdbef520ed192221ed7989cf1ce487928892c8.jpg,,50295,465053
24952,2023-11-01 20:29:53,https://i4.ypcdn.com/blob/6a3d14c0d53d022312e5354c1c65e89e3012e18a_640.jpg,image/jpeg,07c89678eb0f26abc2526c468c023629f8664b4a,156404,/07/c8/96/78/07c89678eb0f26abc2526c468c023629f8664b4a.jpg,,50544,465477
24955,2023-11-01 20:30:05,https://i3.ypcdn.com/blob/5cc0dc5189fe0c49cf9f6000a5455a049f3b8aa5_640.jpg,image/jpeg,e990e28415e08e94239e9187e759a875cc86857e,103382,/e9/90/e2/84/e990e28415e08e94239e9187e759a875cc86857e.jpg,,50545,465477
25193,2023-11-01 20:52:54,https://i2.ypcdn.com/blob/f23261dcf7243b8aecf805abc1f7e28a7dd2ea15_640.jpg,image/jpeg,63f725f301a2dc9d1cc89a32d5a6f6d8b919dd0f,142829,/63/f7/25/f3/63f725f301a2dc9d1cc89a32d5a6f6d8b919dd0f.jpg,,50615,465506
25199,2023-11-01 20:53:30,https://i3.ypcdn.com/blob/a837f145545272e012071c3b6e66c42294463db5_640.jpg,image/jpeg,a147f4dfe1585ca09420ed76d72740e2e8b51557,143590,/a1/47/f4/df/a147f4dfe1585ca09420ed76d72740e2e8b51557.jpg,,50616,465506
25201,2023-11-01 20:53:40,https://i1.ypcdn.com/blob/2399f718d61741f9bde1e28ba6a6ddcb53b93d73_640.jpg,image/jpeg,4629659c4b179410abb9feefc7cc5933b3723a09,47573,/46/29/65/9c/4629659c4b179410abb9feefc7cc5933b3723a09.jpg,,50617,465506
25205,2023-11-01 20:54:07,https://i1.ypcdn.com/blob/c7dbf0a6a76be6bbdadbd9e51f449f01e3ba792d_640.jpg,image/jpeg,453d6724a3c7d86a2f0fe31ce09f5abad5f351ad,177563,/45/3d/67/24/453d6724a3c7d86a2f0fe31ce09f5abad5f351ad.jpg,,50618,465506
27309,2023-11-02 00:07:14,https://i4.ypcdn.com/blob/8654d5a9998dcaeec9b503e241cfbd046bd45d55_640.jpg,image/jpeg,2fd34f2aecf4458356953d23b2d1b3111b0fe27f,148163,/2f/d3/4f/2a/2fd34f2aecf4458356953d23b2d1b3111b0fe27f.jpg,,51340,467388
27313,2023-11-02 00:07:45,https://i3.ypcdn.com/blob/2d6534996e4163265909ff3c167ecf0ad7549118_640.jpg,image/jpeg,396621a57796c2614cc30cff834e191fff000c8b,40125,/39/66/21/a5/396621a57796c2614cc30cff834e191fff000c8b.jpg,,51341,467388
27318,2023-11-02 00:08:17,https://i3.ypcdn.com/blob/198874cca9fe14fd1330fd5996ca86f286b0b209_640.jpg,image/jpeg,15b3041d941d12cf163c0f883f32ff491010ee1d,211430,/15/b3/04/1d/15b3041d941d12cf163c0f883f32ff491010ee1d.jpg,,51342,467388
27319,2023-11-02 00:08:25,https://i3.ypcdn.com/blob/c77071e474f3ccdbd9e35c3acb9a313103a1159a_640.jpg,image/jpeg,7cb16d3e008364c34103606228528921d73d47fe,179756,/7c/b1/6d/3e/7cb16d3e008364c34103606228528921d73d47fe.jpg,,51343,467388
29102,2023-11-02 04:27:36,https://i2.ypcdn.com/blob/3c5d8f5e6d40dcc8f0c913169019a5a0315a6c56_640.jpg,image/jpeg,9b05f47170e0b5c18ae62c16596e1881a93ea609,151510,/9b/05/f4/71/9b05f47170e0b5c18ae62c16596e1881a93ea609.jpg,,51927,468413
43233,2023-11-03 18:53:52,https://i4.ypcdn.com/blob/a20dafa832aa440d5fb5a68955a640a3cd37fb04_640.jpg,image/jpeg,24a855b185150624ac60943cdaf02d71af861c3d,230976,/24/a8/55/b1/24a855b185150624ac60943cdaf02d71af861c3d.jpg,,56698,480330
43238,2023-11-03 18:54:06,https://i2.ypcdn.com/blob/5345d41369395775d13810a76858bb90d4b5baea_640.jpg,image/jpeg,efec36c5881ba2f945cc0497fb317af3fe7edc04,133162,/ef/ec/36/c5/efec36c5881ba2f945cc0497fb317af3fe7edc04.jpg,,56699,480330
43240,2023-11-03 18:54:15,https://i1.ypcdn.com/blob/efce06e97774e906442d6371c731368327e48a66_640.jpg,image/jpeg,735ce8ac042ed69adcc24c5ec8ee97d369b5773e,148967,/73/5c/e8/ac/735ce8ac042ed69adcc24c5ec8ee97d369b5773e.jpg,,56700,480330
43557,2023-11-03 19:19:06,https://i3.ypcdn.com/blob/29ec2a60361eba4691a43fa1405240e697f4ca78_640.jpg,image/jpeg,15d5a856ea62e5e22ff8a9c40745184212068bea,239895,/15/d5/a8/56/15d5a856ea62e5e22ff8a9c40745184212068bea.jpg,,56805,480514
43559,2023-11-03 19:19:19,https://i2.ypcdn.com/blob/e5ac2d7a1209ad084ad65b98838964d40d2e0c1e_640.jpg,image/jpeg,714a4aa01f2ec099e4f596bbd8a3eda10a76a11b,282230,/71/4a/4a/a0/714a4aa01f2ec099e4f596bbd8a3eda10a76a11b.jpg,,56806,480514
43562,2023-11-03 19:19:32,https://i3.ypcdn.com/blob/e184a9b5f1fb0402550ec2970b5ba207aa0822d1_640.jpg,image/jpeg,5d27c68c0e6cc902c5ec4169b9b29b5b16fc369b,116520,/5d/27/c6/8c/5d27c68c0e6cc902c5ec4169b9b29b5b16fc369b.jpg,,56807,480514
43565,2023-11-03 19:19:45,https://i1.ypcdn.com/blob/ca6bfd60a66184fc9f11bc437841c4abf3e91971_640.jpg,image/jpeg,87518577beb8ae01c0df38fdedd43b50968d01b2,171483,/87/51/85/77/87518577beb8ae01c0df38fdedd43b50968d01b2.jpg,,56808,480514
45661,2023-11-03 22:29:20,https://i2.ypcdn.com/blob/c9c37cb80874c8cb49b99d7968220febdf56f946_640.jpg,image/jpeg,442ea17d276474419b2f5be707aa1234aee1611a,171612,/44/2e/a1/7d/442ea17d276474419b2f5be707aa1234aee1611a.jpg,,57495,482776
46959,2023-11-04 00:23:05,https://i1.ypcdn.com/blob/ec65565f9f6ea8427ffac6ce9d1f536569007f78_640.jpg,image/jpeg,c7dc87db7e747b61fd8eb6b9628cd3fd872e0f9d,250261,/c7/dc/87/db/c7dc87db7e747b61fd8eb6b9628cd3fd872e0f9d.jpg,,57929,483991
46960,2023-11-04 00:23:19,https://i1.ypcdn.com/blob/de84281fa594af486f721b8c40930a464696fb1d_640.jpg,image/jpeg,3f491a8e814222f0ff967b344d5c0bc3996181d0,247401,/3f/49/1a/8e/3f491a8e814222f0ff967b344d5c0bc3996181d0.jpg,,57930,483991
46963,2023-11-04 00:23:30,https://i4.ypcdn.com/blob/ca59549d019a98ff7009900735a7c795399455cb_640.jpg,image/jpeg,d061f7fc0cc010afd90c5444be8b8dd41eb3cd94,247550,/d0/61/f7/fc/d061f7fc0cc010afd90c5444be8b8dd41eb3cd94.jpg,,57931,483991
46966,2023-11-04 00:23:40,https://i1.ypcdn.com/blob/b79b17fec278d1e7ef5b226992909920d9d01c5c_640.jpg,image/jpeg,fe095f06fedce942f44b026f94147b2ce305b429,175354,/fe/09/5f/06/fe095f06fedce942f44b026f94147b2ce305b429.jpg,,57932,483991
47011,2023-11-04 00:27:55,https://i3.ypcdn.com/blob/6ed98b9fb547d8441920d50e43775b5466a62355_640.jpg,image/jpeg,5f275d284d3069d78573ad5791a1c981133df110,190235,/5f/27/5d/28/5f275d284d3069d78573ad5791a1c981133df110.jpg,,57952,484287
50606,2023-11-04 06:10:09,https://i1.ypcdn.com/blob/29549c9057482650debd2e9cea2af033c1bf70db_640.jpg,image/jpeg,17d6b751d7429cc2a7c36f453083eb163c5c0e9d,167441,/17/d6/b7/51/17d6b751d7429cc2a7c36f453083eb163c5c0e9d.jpg,,59125,489347
53226,2023-11-04 09:44:33,https://i1.ypcdn.com/blob/13d7cc5e5ca14e40b1f7dbcfb50ed9b2d3bf93a9_640.jpg,image/jpeg,585c88b2f7dccbe14acb0fc0ef7a7e04fc2e8258,218178,/58/5c/88/b2/585c88b2f7dccbe14acb0fc0ef7a7e04fc2e8258.jpg,,59994,490020
64373,2023-11-05 23:24:52,https://i2.ypcdn.com/blob/26df4893d2fa802bef480e73f0d3197d6096dee2_640.jpg,image/jpeg,0897a5da95555f9bf94a18f12bfa85f489f500c6,152501,/08/97/a5/da/0897a5da95555f9bf94a18f12bfa85f489f500c6.jpg,,66395,497762
64374,2023-11-05 23:25:02,https://i1.ypcdn.com/blob/f586a872adabb8a35d68ec6e3143f192a945ccd0_640.jpg,image/jpeg,646954517d03f9087749cec01278369eba524365,196657,/64/69/54/51/646954517d03f9087749cec01278369eba524365.jpg,,66396,497762
64375,2023-11-05 23:25:11,https://i3.ypcdn.com/blob/6156dd45e18182c3fed26284c21d740fe78f7212_640.jpg,image/jpeg,4227102a1b5d15bdbdf4dc8b8d44304875164abe,230278,/42/27/10/2a/4227102a1b5d15bdbdf4dc8b8d44304875164abe.jpg,,66397,497762
64376,2023-11-05 23:25:19,https://i3.ypcdn.com/blob/07526c3c2d7606f353f882c8b7023f0e41b01352_640.jpg,image/jpeg,f9e829201672849c67a572b26fa8564bdadce0da,181450,/f9/e8/29/20/f9e829201672849c67a572b26fa8564bdadce0da.jpg,,66398,497762
65802,2023-11-06 05:38:05,https://i3.ypcdn.com/blob/ef0bae1e0383a084885d9042614476642cd204a8_640.jpg,image/jpeg,3662da2b76f72776f1ef359ab202108dca5d7cdf,221577,/36/62/da/2b/3662da2b76f72776f1ef359ab202108dca5d7cdf.jpg,,67828,502133
65803,2023-11-06 05:38:33,https://i1.ypcdn.com/blob/0e7211093fc0862b7fe0117dfe8b9eeedb34ea9d_640.jpg,image/jpeg,8686121389c5a1e723c47ffc0ac3b8ca77612f48,186580,/86/86/12/13/8686121389c5a1e723c47ffc0ac3b8ca77612f48.jpg,,67829,502133
65804,2023-11-06 05:39:22,https://i4.ypcdn.com/blob/a16d5be5d16d85ba276cc249862023c0521a0e83_640.jpg,image/jpeg,a482f4d39993f4fb8a1237d9112f1e9c537b9ead,231577,/a4/82/f4/d3/a482f4d39993f4fb8a1237d9112f1e9c537b9ead.jpg,,67830,502133
65805,2023-11-06 05:40:02,https://i3.ypcdn.com/blob/99204905219ba0d74dbb81e27fdf4fa625a1382b_640.jpg,image/jpeg,8e7a43f474349af353db26882e712b6e53f89291,212173,/8e/7a/43/f4/8e7a43f474349af353db26882e712b6e53f89291.jpg,,67831,502133
67119,2023-11-06 11:54:26,https://i1.ypcdn.com/blob/1d3f9e7263f50a55143010d2ba47cb0fe5d42325_640.jpg,image/jpeg,595dceae4c8d3459cfc4a56c0de88e94e3522f03,288913,/59/5d/ce/ae/595dceae4c8d3459cfc4a56c0de88e94e3522f03.jpg,,69148,506971
67120,2023-11-06 11:54:34,https://i1.ypcdn.com/blob/0fcae18868f4fdd663a9e9793a793a9f9228c4ec_640.jpg,image/jpeg,fb003791a61d75b017e63be3feb6aa484926f4f8,278222,/fb/00/37/91/fb003791a61d75b017e63be3feb6aa484926f4f8.jpg,,69149,506971
67121,2023-11-06 11:54:40,https://i3.ypcdn.com/blob/d8a5433338cff10061268b063351826d1244368c_640.jpg,image/jpeg,1499be1da0e4d30951dd85b47d459bb8aff139f5,288456,/14/99/be/1d/1499be1da0e4d30951dd85b47d459bb8aff139f5.jpg,,69150,506971
67122,2023-11-06 11:54:57,https://i1.ypcdn.com/blob/c855a9d8cc4f6aa4650c043a117ed10d3d2bcc8c_640.jpg,image/jpeg,508dea3dc2550e490f30b60da9944e94eda21d29,146738,/50/8d/ea/3d/508dea3dc2550e490f30b60da9944e94eda21d29.jpg,,69151,506971
54796,2023-11-04 11:45:51,https://i1.ypcdn.com/blob/05154fe1d891a5d0f493b4e41b28827e738a0eb3_640.jpg,image/jpeg,99de87787ac43f223ee4167796416cffdf557d2e,392648,/99/de/87/78/99de87787ac43f223ee4167796416cffdf557d2e.jpg,,60482,522639
56278,2023-11-04 16:27:34,https://i2.ypcdn.com/blob/d53e860ecb6656cd44cd9fb3c1daa2e29f3f0402_640.jpg,image/jpeg,8dc772af10464fe4c1b3a9031276d9a85cb5537b,202198,/8d/c7/72/af/8dc772af10464fe4c1b3a9031276d9a85cb5537b.jpg,,60984,523856
57883,2023-11-04 21:00:29,https://i3.ypcdn.com/blob/cb3717acc542ab59fbe91fcce5f9d1c82cbb2ea9_640.jpg,image/jpeg,e1b324a095d6965db1ca5d288d49699e28055c94,220034,/e1/b3/24/a0/e1b324a095d6965db1ca5d288d49699e28055c94.jpg,,61642,525776
57885,2023-11-04 21:00:41,https://i2.ypcdn.com/blob/fe445b5800e280bd350597eb47d431e2af6e5bad_640.jpg,image/jpeg,50057379ea7c99f4118a65234b9a9c9a4308c449,252241,/50/05/73/79/50057379ea7c99f4118a65234b9a9c9a4308c449.jpg,,61643,525776
57886,2023-11-04 21:00:49,https://i4.ypcdn.com/blob/ab02da0dd2baba05c7569d89427282c0aa0be112_640.jpg,image/jpeg,0aefee13dfea98b4d0fd29deb55f12ed718cd222,176022,/0a/ef/ee/13/0aefee13dfea98b4d0fd29deb55f12ed718cd222.jpg,,61644,525776
58628,2023-11-04 22:53:07,https://i3.ypcdn.com/blob/c9704e479b5e9b736ec512369f5a21a4922933bb_640.jpg,image/jpeg,0ce53fa2de0219a3b8623f1dd2ca70c80edb5816,131253,/0c/e5/3f/a2/0ce53fa2de0219a3b8623f1dd2ca70c80edb5816.jpg,,62002,526207
58630,2023-11-04 22:53:21,https://i4.ypcdn.com/blob/a0c7980e8b4fe4f3f3f96794f232db274473278b_640.jpg,image/jpeg,e74fb80f17b8cbba95285af144f7e44312541597,118261,/e7/4f/b8/0f/e74fb80f17b8cbba95285af144f7e44312541597.jpg,,62003,526207
58632,2023-11-04 22:53:32,https://i2.ypcdn.com/blob/2885eaa54afc47fad8c97f097e4f6fb9e2a1f771_640.jpg,image/jpeg,77dc951ebdec3c2ad9604d110300c8f9f2881296,98726,/77/dc/95/1e/77dc951ebdec3c2ad9604d110300c8f9f2881296.jpg,,62004,526207
64477,2023-11-05 23:53:07,https://i4.ypcdn.com/blob/2c4efdc3e48148cda100dd05da132f0b8455b407_640.jpg,image/jpeg,65629905fac46af2130df1d11268217b1706d783,206753,/65/62/99/05/65629905fac46af2130df1d11268217b1706d783.jpg,,66499,545473
64483,2023-11-05 23:54:19,https://i3.ypcdn.com/blob/92de042b161641f46bc63395fd7a7c01900f55e5_640.jpg,image/jpeg,2e3adb0580c3334b608e8b82f4de3eb68d23ecea,161124,/2e/3a/db/05/2e3adb0580c3334b608e8b82f4de3eb68d23ecea.jpg,,66505,545548
66055,2023-11-06 06:48:04,https://i2.ypcdn.com/blob/6260584fedd79a279d3c1ff48a2e228399c97829_640.jpg,image/jpeg,26a6acaeeadb860f6c2c262bcce39988b272790a,204807,/26/a6/ac/ae/26a6acaeeadb860f6c2c262bcce39988b272790a.jpg,,68081,554353
66671,2023-11-06 10:05:56,https://i3.ypcdn.com/blob/4fe12cd62cd009a0ef43149a109cb8ae3d48029e_640.jpg,image/jpeg,20bde5f7dc284854dc6fabd4c0ada99359c4165b,173838,/20/bd/e5/f7/20bde5f7dc284854dc6fabd4c0ada99359c4165b.jpg,,68699,555541
68740,2023-11-06 18:34:44,https://i4.ypcdn.com/blob/f6632c1019823984b57afbb13abef79a68f690bb_640.jpg,image/jpeg,eca1bc57b62a7feee092384d6095782f98e5bd51,209515,/ec/a1/bc/57/eca1bc57b62a7feee092384d6095782f98e5bd51.jpg,,70770,559856
68741,2023-11-06 18:35:02,https://i4.ypcdn.com/blob/c934517b90025a9aaaf6d8119c79d7e438b5a47d_640.jpg,image/jpeg,009b2e84a2a39538c747d93059f7ce8110282bbe,297246,/00/9b/2e/84/009b2e84a2a39538c747d93059f7ce8110282bbe.jpg,,70771,559856
68742,2023-11-06 18:35:21,https://i1.ypcdn.com/blob/c72e15895949bbc988bfcf73a53bab4934ba2faf_640.jpg,image/jpeg,c123314417bed99f1cfe7fd81b5aff05b2a1204f,287204,/c1/23/31/44/c123314417bed99f1cfe7fd81b5aff05b2a1204f.jpg,,70772,559856
68743,2023-11-06 18:35:31,https://i4.ypcdn.com/blob/c482fad9bdc4c6951610e40ab604392c389cdb43_640.jpg,image/jpeg,b9aef763ee472353014c29037b6bbff51a0d239e,253809,/b9/ae/f7/63/b9aef763ee472353014c29037b6bbff51a0d239e.jpg,,70773,559856
68748,2023-11-06 18:36:41,https://i3.ypcdn.com/blob/549bc01d7a4e3bccab65ec1cdf2c49306c212b51_640.jpg,image/jpeg,162d36a05cf5043a40bc7531b48f1ad18a905d89,165955,/16/2d/36/a0/162d36a05cf5043a40bc7531b48f1ad18a905d89.jpg,,70778,559876
68749,2023-11-06 18:37:18,https://i4.ypcdn.com/blob/cb646dc0e80944d4722401ccf7288b900dac71fd_640.jpg,image/jpeg,5fce932fc40501ba191dbddf184b2f4e66765f62,147874,/5f/ce/93/2f/5fce932fc40501ba191dbddf184b2f4e66765f62.jpg,,70779,559876
68750,2023-11-06 18:37:32,https://i2.ypcdn.com/blob/c0b0d5891ee368bfa3b33b8ad8ff69b3c3a6afe8_640.jpg,image/jpeg,63a1e66ed2b7b371bab4d20fe5d7714091658dc0,205407,/63/a1/e6/6e/63a1e66ed2b7b371bab4d20fe5d7714091658dc0.jpg,,70780,559876
68751,2023-11-06 18:38:02,https://i2.ypcdn.com/blob/827e03a7c8231012d65839fdd2e7e662ffb3a477_640.jpg,image/jpeg,34080c7d367f876c480ac4dc410a0f560183886d,223703,/34/08/0c/7d/34080c7d367f876c480ac4dc410a0f560183886d.jpg,,70781,559876
48204,2023-11-04 02:08:47,https://i4.ypcdn.com/blob/fcb29a27ad0b3bd40b9545c4dc0ed9ec47f05732_640.jpg,image/jpeg,28eb00a7d762aa1c1c5877d147d780828ade982d,190320,/28/eb/00/a7/28eb00a7d762aa1c1c5877d147d780828ade982d.jpg,,58350,560097
48205,2023-11-04 02:09:03,https://i1.ypcdn.com/blob/ce2d6f8033387e7f04f66d2703a6bd22523b9ac2_640.jpg,image/jpeg,1f708cbb74472c3737ede9536bcceb0a58ce54df,268697,/1f/70/8c/bb/1f708cbb74472c3737ede9536bcceb0a58ce54df.jpg,,58351,560097
48208,2023-11-04 02:09:25,https://i3.ypcdn.com/blob/fd0710c7d8aa6f5b6b976d6586dbc9764c0af4b4_640.jpg,image/jpeg,8b0a700a6b30cc83827cf7df2915fee389346da0,242678,/8b/0a/70/0a/8b0a700a6b30cc83827cf7df2915fee389346da0.jpg,,58352,560097
48211,2023-11-04 02:09:38,https://i4.ypcdn.com/blob/1e7ffdaad6a00ffd9afe2317da3611af6236d4b6_640.jpg,image/jpeg,fba4ec9da9230bcdb8b1b13360c64daf1374fa3a,136991,/fb/a4/ec/9d/fba4ec9da9230bcdb8b1b13360c64daf1374fa3a.jpg,,58353,560097
59416,2023-11-05 00:39:22,https://i1.ypcdn.com/blob/20d52481f5f3c6ebf01d97637ec4f3ff3408d2df_640.jpg,image/jpeg,5374efadbd20973d9a6342f2cfe06f1427c6d596,240800,/53/74/ef/ad/5374efadbd20973d9a6342f2cfe06f1427c6d596.jpg,,62394,567589
59417,2023-11-05 00:39:31,https://i2.ypcdn.com/blob/eec79cefd5b4cd22b07b6312d6e1fa3df9758f65_640.jpg,image/jpeg,235fb09788c687e515eb86a3feebdb11cacd0c01,172315,/23/5f/b0/97/235fb09788c687e515eb86a3feebdb11cacd0c01.jpg,,62395,567589
59419,2023-11-05 00:39:54,https://i4.ypcdn.com/blob/63b3bc939044dd412750e9ca5f2b0110d0b7cc4e_640.jpg,image/jpeg,25132b14c7744ccbeb35ddaeb35ece35fc23aea3,192198,/25/13/2b/14/25132b14c7744ccbeb35ddaeb35ece35fc23aea3.jpg,,62396,567589
59421,2023-11-05 00:40:07,https://i3.ypcdn.com/blob/532f72cb8e51e5fe7fb49071e7affb2978f2dc5d_640.jpg,image/jpeg,4a60651212221cc157429dc8dce0f238409bbb86,242363,/4a/60/65/12/4a60651212221cc157429dc8dce0f238409bbb86.jpg,,62397,567589
62749,2023-11-05 15:39:57,https://i4.ypcdn.com/blob/602e0aa1526e8ce3107e0e2597c947691f67b049_640.jpg,image/jpeg,b88a5f939d1a1923cd404a2d3bf83ec5fbb10f02,218477,/b8/8a/5f/93/b88a5f939d1a1923cd404a2d3bf83ec5fbb10f02.jpg,,64766,570294
62767,2023-11-05 15:43:28,https://i3.ypcdn.com/blob/37f3c85c974b605f03a812ff9bdd30fb3453e595_640.jpg,image/jpeg,9c1a71c28b60fcc995a3e383286323b145b54d06,216324,/9c/1a/71/c2/9c1a71c28b60fcc995a3e383286323b145b54d06.jpg,,64784,570306
66917,2023-11-06 11:04:25,https://i3.ypcdn.com/blob/47c38f025ded29c69ccbd9e7a61e05fb695ec62b_640.jpg,image/jpeg,9dfef0d3a6926d1993bb988d00c606454c4225a8,57705,/9d/fe/f0/d3/9dfef0d3a6926d1993bb988d00c606454c4225a8.jpg,,68946,575708
66918,2023-11-06 11:04:34,https://i4.ypcdn.com/blob/542a495d1f4f55235b2325d7762028f7e25bd9eb_640.jpg,image/jpeg,7c9566cf46262fb54a48a2867ddae2b3ea844d09,191988,/7c/95/66/cf/7c9566cf46262fb54a48a2867ddae2b3ea844d09.jpg,,68947,575708
66919,2023-11-06 11:04:40,https://i2.ypcdn.com/blob/223174491e1356e3bbedeba4e3bbce55eb11adf3_640.jpg,image/jpeg,91c8b4e9c4c1278a0371bee9270fb6979e9912c0,129361,/91/c8/b4/e9/91c8b4e9c4c1278a0371bee9270fb6979e9912c0.jpg,,68948,575708
66920,2023-11-06 11:05:10,https://i1.ypcdn.com/blob/1f8f0582f243a1f10738ec662cef25780b3f2332_640.jpg,image/jpeg,063a3885747891a930947cac150b819e78b575e0,244601,/06/3a/38/85/063a3885747891a930947cac150b819e78b575e0.jpg,,68949,575708
67142,2023-11-06 11:58:14,https://i2.ypcdn.com/blob/a9cacf3ffac9c730035c73c201dbf1f3ca07b4de_640.jpg,image/jpeg,0eb508c830a6096fa32fb6a5da57fab6ee577d88,218250,/0e/b5/08/c8/0eb508c830a6096fa32fb6a5da57fab6ee577d88.jpg,,69171,576351
67143,2023-11-06 11:58:33,https://i4.ypcdn.com/blob/4e4d55f391295b9916848a2a7fa6768a3dc63dbd_640.jpg,image/jpeg,dfa33acbb9a5d4a19026ea746e60082934962002,102269,/df/a3/3a/cb/dfa33acbb9a5d4a19026ea746e60082934962002.jpg,,69172,576351
67144,2023-11-06 11:58:44,https://i3.ypcdn.com/blob/407e62b9d68bcb4d61fba9d61afa769cc3262d4e_640.jpg,image/jpeg,b14041d8563c59076955240204639ac62d72337e,311366,/b1/40/41/d8/b14041d8563c59076955240204639ac62d72337e.jpg,,69173,576351
67145,2023-11-06 11:58:50,https://i1.ypcdn.com/blob/3ee98696f9e35564c075a5b1b89b46f8c2596ed6_640.jpg,image/jpeg,c241c6e1f7975660d264302bbd4cdc57a1bd5b96,221087,/c2/41/c6/e1/c241c6e1f7975660d264302bbd4cdc57a1bd5b96.jpg,,69174,576351
69298,2023-11-06 20:46:12,https://i1.ypcdn.com/blob/663d37f8bfe10f715669ef492be5eec5b9e4b247_640.jpg,image/jpeg,b3daad2661ce16e4d0db941746e4f17cd8a133a6,89393,/b3/da/ad/26/b3daad2661ce16e4d0db941746e4f17cd8a133a6.jpg,,71329,582523
