id,ts,_slug,review,beauty_salon_id,author,time,rating_stars,collect
2047,2023-10-09 16:25:53,/aba42e0f-7efb-47cd-8f3b-cd95c0cbd3b9,I love going there to get my hair done the instructors are so nice and helpful when a student isn’t sure how to do something they always come help and make sure they’re doing it right also the prices are way cheaper than any other place I know and I always get exactly what I want I love this place and wouldn’t go anywhere else I definitely recommend this place to anyone who wants great service at a great price,2028,Jessica R.,01/18/18,five,1
2048,2023-10-09 16:25:53,/443a9d6c-bf8e-44d5-9af8-5fe2b643bede,"My brother just graduated from Estes and passed the exam for his Cosmetology License on the first try! I've had a hairstylist for years, but now I'll actually let my brother do my hair! The staff was always friendly, and care about the students success! I highly recommend this school! Highly recommended.",2028,Kay C.,08/12/17,five,1
2049,2023-10-09 16:25:53,/29a09a41-b9fc-49e5-8d30-328c0b5799de,I took my niece in for a haircut and had a pleasant overall experience. The haircut was good as well.,2028,Dell C.,08/12/17,five,1
2050,2023-10-09 16:25:53,/b5dbfb30-cb2b-4f05-b5b7-e51273beeb0c,One of the worse days of my life I have ever paid for the people in charge are very unprofessional and rude! I would never ever recommend going there!,2028,Michael H.,05/15/16,one,1
5913,2023-10-10 08:44:33,/376ae973-cf20-46b6-8129-9ea0e75da3d0,"I really had a good experience yesterday.the atmosphere was nice and welcoming, its was my first time there and I know I will definitely be going back.thanks to Patricia for my hair cut am loving my pixie cut am 100 percent satisfied",5182,nordiat.henry,07/09/14,five,1
5914,2023-10-10 08:44:33,/189f8890-5c3c-0130-a5f6-18a9053c2790,"For the past year I'd been flying back and forth to Atlanta just to get my hair done. I know it's crazy, but I had a hard time finding a local salon I believed could do my hair and extensions properly. Just recently, I started looking again for a salon in my area and came across All Dolled Up. After reviewing their website and reading reviews, I decided to call them. I spoke to Chantal and explained what I was looking for: I wanted to make sure that they would be able to do my hair extensions exactly how my salon in Atlanta does them (braiding technique is very thin and extremely flat so that you can't feel a single track). Chantal suggested that I come in and have a consultation with Patricia (Pat), a senior stylist. My friend came with me to the consultation and we were immediately blown away. We were greeted right away and offered something to drink. Pat was very friendly and knowledgeable, and she was very confident that she would be able to do my hair how I wanted.On Friday, I had my actual first appointment and I am still blown away. My appointment was scheduled for 10AM and Pat started on my hair at 10AM. Bailey offered me donuts, mimosa, juice, etc. I really like how they treat their clients. By the way, I heard that Saturdays is pizza day, and the salon offers pizza to clients. So my next trip to the salon will be on a Saturday :-)At any rate, Pat never took a break while doing my hair. I like the fact that she started my hair and finished my hair. At other salons I've been to, clients are passed around from one person to the next and next, not here. At one point Pat did have to step away and Chantal braided my hair some, and she did a fabulous job too. When it came to do the weaving, Pat is a perfectionist! When Pat was finished, I patted the back of my head and could not feel a single track. No lumps, no bumps, extremely flat. I never would have thought but it turned out better than my salon in ATL. I also forgot to mention that What sets this salon apart from others is their customer service and chill atmosphere. There wasn't ""salon gossip,"" like you may see in other salons. The music was uplifting. I was so relaxed at one point that I think I fell asleep.I read one review somewhere where someone said the salon prices are too high... well, you get what you pay for. I have no problem with their prices and it is worth every penny. The way I see it is if I'm going to pay a lot of money on hair, I want it done right, and they did exactly what I asked for. Their prices don't seem to keep people away either. Pat, Chantal, Bailey, and all the other stylists there are soooo nice and positive. All the clients seemed friendly too. I felt like I was around family, and that's how a good salon is supposed to make you feel.",5182,shanim,02/18/13,five,1
5915,2023-10-10 08:44:33,/3ca311c0-1752-012e-5a70-18a9053c272a,"I have a full head of net sow-in extensions. I went in for a relaxer touch-up, shampoo, blow dry and style. The stylist was friendly and courteous. She actually took the time to base my scalp. I told her that certain parts of my hair were resistant to perm and she focused on those areas. I was pleased with how well the perm took. She could have shampooed my hair a little better. The only turn off i had was that the stylist was using a cheap blowdryer. It was not getting hot enough and one of the other stylists had to offer to finish the blow dry. At the end, I was pleased for the most part with the way she styled it overall. I just wish that she flat-ironed it a little better, but she was using a cheap flat iron... :( This salon is definitely one of the more professional ones: modern and clean. They sat me down and gave me a consultation, where they recommended products for my hair type (don't worry, they didn't try and push me to buy anything). They also offered beverages. This was a nice touch! .....",5182,Tae M.,02/10/11,four,5
8274,2023-10-10 18:23:36,/4a8988c3-fddc-438f-8c4e-1a4320da3280,I was very impressed with my tour of the school and I am looking forward to being apart of if come November 1st.,6934,Adriane M.,08/31/22,five,
8275,2023-10-10 18:23:36,/fa83d32a-85ca-4975-acdc-63dece2f10f7,Melinda and the staff were very welcoming! I even got to meet Mitsu! I feel even more excited to start the esthetics program. Looking forward to learning so much!,6934,Amber M.,05/12/22,five,
8276,2023-10-10 18:23:36,/db3ac5ef-ee2a-43be-ac1f-38955f8cedc4,"The overall appears of the school was a bit disappointing. I did not feel truly welcomed. There was a customer in to get a facial and one of the staff members was very rude to her. As soon as I witnessed how they treated a customer, I knew it would not be a good fit. Very disappointed in how the staff treat their customers.",6934,Becca M.,01/28/22,three,
8277,2023-10-10 18:23:36,/cfc80a24-0e61-4ec5-af37-3b58af6e24b5,Melinda was very friendly and knowledgeable! I had a great experience.,6934,Felicia R.,09/29/21,five,
8278,2023-10-10 18:23:36,/174d3daa-524a-447f-b1c3-4659f07649bf,Melinda was very knowledgeable about the esthetics program,6934,Valerie R.,06/28/21,five,
8279,2023-10-10 18:23:36,/8e65ba2e-514d-4593-84e9-e2fc5dbaf3b0,For most of things your company doing for us are good.,6934,Kim F.,06/21/21,four,
8280,2023-10-10 18:23:36,/21367c1b-0cce-41f5-9915-bba9457ef484,Great tour! Malinda was great,6934,Meya J.,04/16/21,five,
8281,2023-10-10 18:23:36,/bd8e869d-e63e-41ad-8e6e-3ede0a3c5f74,I had a tour today with Melinda and it went great! I got a look at the facility and what everything is used for. She was very informative and answered all my questions!! I’m looking forward to starting my new journey!,6934,Cynthia L.,02/08/21,five,
8282,2023-10-10 18:23:36,/8b1208fb-ca62-4fe3-9e6c-a677841d4ab2,Everyone was very friendly and welcoming. Seems like a great school community. I can't wait to start!,6934,Celia B.,10/24/20,five,
8283,2023-10-10 18:23:36,/c81136d3-e79e-4ff4-a416-b142b2d3319c,Was very clean and friendly,6934,Michelle T.,08/28/20,five,
9781,2023-10-11 04:05:22,/2c1418c4-2e74-4697-bca5-96eba9943cf6,"I had my daughters birthday party, with her friends here! Our experience at this beauty school was awesome! There were a total of 6girls getting fancy hair and manicures...they were all so excited and very pleased with the outcomes! I'd highly recommend giving this beauty school a chance on any beauty needs!! Thank you so much for a memorable experience!!",8043,Kristol W.,05/31/16,five,1
9782,2023-10-11 04:05:22,/923fffb0-510d-0130-612f-18a9053c272a,"I researched many schools before deciding on MCB. I had the opportunity to speak directly to students and read the reviews online. I made the choice to enroll in this school because a number of the student at MCB had transferred from other schools because they were dissatisfied with the programs at their former schools. I loved every minute of my experience here. I can honestly say that I developed relationships at MCB that I will cherish for the rest of my life. I cannot express the gratitude I feel for the time the instructors and the career counselor, Ms. Ryder, took with me personally to help me achieve my dreams. I will dearly miss all of the people here at MCB, but plan to continue to come here for the best facials on the planet! Thank you MCB for exceeding all of my expectations!",8043,carol.ryder.3914,02/04/13,five,1
9783,2023-10-11 04:05:22,/efeba0b0-4eb0-0130-f53d-00215aa65c48,I thoroughly enjoyed my education in the esthetics program at MCB Troy. My instructors were very knowledgeable. I feel that the curriculum at this school was superior to other schools in the area. I am well prepared to begin my career and am confident in my skills.,8043,candicemc,02/01/13,four,1
9784,2023-10-11 04:05:22,/92b79e70-9c55-012f-c33b-3c4a92744193,"Hands downt the best beauty school in Michigan. Informative and well educated staff. Its been my home away from home for the last year, and I will actually miss school. Best learning experiance of my life, there is a passion for beauty in this school.",8043,lisa.mattera.5,06/19/12,five,1
9785,2023-10-11 04:05:22,/20b7d6a0-571b-012f-c066-00237da0b87e,"I just graduated from school here, and I loved it here. The staff was amazing and so supportive of our needs, they went above and beyond helping show me how to do things and teaching me the tricks of the trade. I feel very confident leaving here and going out into the world to start my career, and I feel super confident in walking into state boards and passing the exams. I have made some great friendships with not only my fellow students, but with my instructors, and the staff here, I will miss it very much! I've learned so much, not just about hair but lessons in life while I've been here! I would tell anyone that this is a great school and that they would be lucky to be a part of it!",8043,klsmith2011,03/23/12,five,1
9786,2023-10-11 04:05:22,/c875cea0-07ce-012f-568b-3c4a92743b27,"If you are looking for a great school to attend, look no more! Michigan College of Beauty offers a great program on cosmetology, Manicuring and Esthetics. The Instructors love what they do and they are ready and willing to teach you. Your confidence will sky rocket as you take on new challenges with hands on training. What are you waiting for, give them a call... you won't be disappointed!!! I wasen't Thank you MCB!!!",8043,moniec,12/13/11,five,1
9787,2023-10-11 04:05:22,/d7933f80-5b36-012e-bf91-18a9053c17ba,"If you're looking into Cosmetology, Manicuring, or Esthetics, this is the school you need to go to! I am a graduate of Michigan College of Beauty and I can tell you, this is an amazing school! You will learn more than you would at any other school in the greater Detroit area; ask around, you'll see! The instructors are experienced in salons and truly care about educating the students. They also have a full service salon open to the public Monday-Saturday. Check them out!!!!",8043,maltija,05/08/11,five,32
9788,2023-10-11 04:05:22,/ec354d52-83c8-11dc-883d-001b782fb5dc-316,I loved my training at Michigan College of beauty. I learned so much and now I have a wonderful career as a hairstylist. U ROCK!,8043,gaylius2,10/26/07,five,1
10302,2023-10-11 07:38:36,/5241871c-df78-4865-92d8-ac2ad14cd908,I came here to get my nail done when i was in vacation. My nails came out perfect just like I want. Definitely will cone back here to get my nails done next time i go to Springfield,8552,,07/14/23,five,4
10303,2023-10-11 07:38:36,/b4fec85c-d0b8-4880-889a-9cb2d0d5828d,I stopped by this place to get my nail done on vacation. My nails come out perfect. The people work here is friendly. Will come back when i go to Springfield for vacation. Best nail salon in Springfield,8552,Lauren A.,07/14/23,five,4
10304,2023-10-11 07:38:36,/e5afd429-2616-48e9-b200-e54c5498dbc8,I have been going here since they opened. I always call ahead to make appointment. They are really on time with the appointment. My nails always look fantastic. Highly recommended. Best nail salon in Springfield in my opinion!!!!,8552,Brenda S.,07/11/23,five,2
10305,2023-10-11 07:38:36,/b4a04d03-1984-4eea-a39f-edbc5de66a99,one of the best nails salon in springfield. Dereck did very good job on my nails always. need to request him for best result,8552,,07/09/23,five,4
10306,2023-10-11 07:38:36,/92c02342-6813-4788-9e21-e084e51df487,"Golden Nails exceeded all my expectations. The staff was welcoming and friendly, and the salon had a modern and clean atmosphere. The nail technicians were true experts, delivering exceptional manicures and pedicures with great attention to detail. The staff's care and accommodation made me feel comfortable throughout the visit. Golden Nails also offers a variety of high-quality nail products. I highly recommend this salon for anyone looking for top-notch nail services.",8552,,07/08/23,five,4
10307,2023-10-11 07:38:36,/d72e67b6-e2dc-4f7f-8c43-761367e83b30,I have been going to Golden Nails for years. This is absolutely the best nail salon in Springfield for sure!!!,8552,,07/08/23,five,2
10308,2023-10-11 07:38:36,/af10723e-75e2-447c-9268-80ad70c591bd,Best nails salon in Springfield Missouri,8552,Christina B.,07/08/23,five,2
10309,2023-10-11 07:38:36,/0fc8c511-eccc-4f27-ab51-9894adf80301,Best nails salon in Springfield Missouri. Always leaving the place happy. Highly recommend to everyone,8552,,07/08/23,five,2
10310,2023-10-11 07:38:36,/e9f49ee3-5a86-451d-93ec-ff0c9c087259,Trying to be the best salon in Springfield,8552,Deric N.,07/08/23,five,2
10311,2023-10-11 07:38:36,/abcc85a5-dc3c-4bf6-82c8-b928a3d9bc08,Best nails salon in Springfield Missouri. Very consistent with their quality of work.,8552,Brenda E.,07/08/23,five,2
10312,2023-10-11 07:38:36,/c2eca226-d207-450e-8bae-bc70a6d52618,"I recently had the pleasure of visiting Golden Nails Salon for a pampering nail treatment, and I am delighted to share my experience. From start to finish, my visit was nothing short of exceptional, leaving me feeling rejuvenated and with nails that were the epitome of perfection.Firstly, I was warmly greeted by the friendly and professional staff upon arrival. Their warm smiles and courteous demeanor instantly made me feel welcome and comfortable. The salon itself exuded an atmosphere of relaxation and elegance, with its tasteful decor and soothing ambiance.The nail technicians at Golden Nails Salon are true experts in their craft. They demonstrated a meticulous attention to detail and precision throughout the entire treatment. From shaping and filing my nails to the artistry displayed in their wide range of designs, they exceeded my expectations every step of the way.What sets Golden Nails Salon apart from other nail salons is their commitment to hygiene and sanitation. They maintained impeccable cleanliness standards, ensuring that all tools and equipment were properly sanitized and disposable items were used when necessary. This attention to cleanliness provided me with peace of mind during my visit.Furthermore, the salon offers a wide variety of nail services to cater to every individual's preferences and needs. Whether you're looking for a classic manicure or a stunning set of gel nails, Golden Nails Salon has you covered. Their skilled technicians are well-versed in the latest trends and techniques, ensuring you walk out with nails that are not only beautiful but also long-lasting.In addition to their excellent nail services, Golden Nails Salon offers a range of complementary amenities to enhance the overall experience. From comfortable seating and relaxing hand massages to a wide selection of nail polish colors and top-of-the-line products, every aspect of the visit is thoughtfully designed to provide maximum comfort and satisfaction.If you're searching for a nail salon that combines top-notch quality, exceptional service, and a relaxing ambiance, look no further than Golden Nails Salon. Their commitment to customer satisfaction is evident in every aspect of their operations. I highly recommend this salon to anyone in search of a truly luxurious nail experience",8552,Tonya L.,07/01/23,five,4
10313,2023-10-11 07:38:36,/8267fdad-939f-42ab-931b-7283edfa443e,Best pedicure ever. Definitely going back and highly recommended. They were trying so hard to help my feet,8552,David L.,06/30/23,five,1
10314,2023-10-11 07:38:36,/ba164b3c-51d1-47a9-9e38-0b6b37679691,Very clean and friendly staffs,8552,Elen S.,06/30/23,five,2
10315,2023-10-11 07:38:36,/e9035db2-32df-40f3-9165-2367608c2823,Always happy coming to Golden Nails. Best nails salon in Springfield,8552,Kayla G.,06/30/23,five,1
10316,2023-10-11 07:38:36,/18bb9c30-d819-4c5b-ae9e-ac45432baed6,Very nice people. Everyone speak english and do good job. Clean inside. Fair prices. Overall you should definitely try them out. Probably one of the best nails salon in Springfield mo,8552,Jodan B.,06/26/23,five,2
10317,2023-10-11 07:38:36,/14ce86b1-3268-4811-9953-bc38f8628437,"This is the best nails salon in Springfield Mo. Came in for a $20 pedicure, did not expect the girl to go above and beyond to help with my toe nail fungus , highly recommended.",8552,Latasha J.,06/26/23,five,1
10318,2023-10-11 07:38:36,/90ef1a76-25be-43ab-b75f-2765fb8e3043,Best nails salon near me and probably best nails salon in Springfield. Perfect acrylic nails and design put on. Pricing is also not too expensive. Everyone speak English. Zero language barrier.,8552,Lisa B.,06/26/23,five,2
10398,2023-10-11 07:51:55,/6EF6E0A7-DAD4-3C53-DD40-68F81039A400,"I was told 15 on the phone, got there and charged me 20. Lies. We wouldn't have came if we knew over the phone it was 20. And then the barber hung up on me disrespectful. Sad.",8594,,05/20/17,one,1
12340,2023-10-11 16:57:27,/C03662B1-8E1F-60BE-DD40-3A681039A400,The school is just out for your money and has no interest in providing a quality Paul Mitchell education. They use the name and run with your money to the bank. If you enjoy being talked down to and being micro managed this is the school for you. Don't waist your time!!!,10518,anonymous,07/20/14,one,
13491,2023-10-12 05:56:23,/8C53DE39-9808-F865-CD40-2EA81039A400,"From Nails to skin care to any thing you want to do to with your hair to massages!!! You can receive great services from this school! Using several different hair color lines, to Nail Art of all kinds. Skin care peels, to simple basic facials. Any kind of wax.... You'll love GCI..S.A. Crowell",11561,anonymous,11/12/09,five,
16385,2023-10-12 23:59:18,/7265576F-F8AF-F8BD-0D40-4F1F1039A400,Be careful - went for a manicure and it was awful. Nail polish on cuticles and skin around my nails and the worst part - she buffed a hole in my nail. So be careful.,14589,anonymous,06/24/10,one,
16386,2023-10-12 23:59:18,/13669B00-0DCF-4705-D8D4-494E1039A400,"I highly recommend Winonah's to anyone on a budget. My friend and I went for a spa day. We got a haircut, a manicure, and a facial for under 30 bucks. Really. I liked the girls and they asked me to write a review for them to help business. They need your support and I plan on going back ASAP. The student that helped me was Kaite. She was very sweet and talented. I recommend her because she helped me but all the girls are nice and accomidating.",14589,anonymous,07/07/09,five,
16387,2023-10-12 23:59:18,/13594EC7-6376-FBB3-D8D4-22C71039A400,"I highly recommend Winonah's to anyone on a budget. My friend and I went for a spa day. We got a haircut, a manicure, and a facial for under 30 bucks. Really. I liked the girls and they asked me to write a review for them to help business. They need your support and I plan on going back ASAP. The student that helped me was Kaite. She was very sweet and talented. I recommend her because she helped me but all the girls are nice and accomidating.",14589,anonymous,07/07/09,five,
16388,2023-10-12 23:59:18,/CE00336B-A69D-EF36-8D40-35511039A400,Great girls! They were really nice and listened to what I wanted.,14589,YPMobile User,04/20/09,five,3
18803,2023-10-13 17:48:15,/558F0D62-EDC0-BEC4-4D40-86771039A400,Great place to get cosmetology services done at very reasonable prices!!! Students are supervised and seem to enjoy working on their clients.,17730,anonymous,08/08/13,five,
6006,2023-10-10 08:51:35,/ECE0BA85-8BB5-AF14-4D40-84CB1039A400,"I was very pleasantly surprised by the ""new look"" I got, and would recommend them to anyone over 40. How nice to have someone cut my hair in a precision cut! If you want the chopped off straggly look, go somewhere else.",63610,,09/21/06,five,1
6007,2023-10-10 08:51:35,/703B71C0-CA7B-797C-CD40-333A1039A400,"worst mistake I ever made. They are very reasonably priced, but you get what you pay for. The women who cut my hair gave me 80's bangs:( She said I should warn people that my hair shrinks when you blow dry it!!!! YOU THINK",63610,,03/02/06,one,1
6074,2023-10-10 09:00:24,/a3eb51f0-93d5-012e-2356-00237da0c8c4,"If you are looking for a school of make-up artistry this is it, the teachers are great and it is so much fun... it doesn't even feel like learning! Yvette and Kiffany are so inspirational and such great artists, they are willing to do whatever it takes to teach you the things you need to know. I feel like they have gone above and beyond to teach me the things I want and need to know about make-up! I would recomend this school anyone without even second guessing it!",90568,linds_,07/19/11,five,1
9391,2023-10-11 01:23:32,/24d7e88f-634b-4df4-bf8d-67a48c7dff17,"Everyone there is so friendly. The students seem to be having so much fun while learning!!! The instructors are so helpful and knowledgeable, not only to the students but to the clients as well. I will most definitely be returning and I will recommend this school to anyone that is wanting to go into the cosmetology field that wants to have a superior education!",135549,Ashlyn S.,11/16/18,five,1
9392,2023-10-11 01:23:32,/64601080-6e0c-4c19-a0b3-0cca808c6f60,Independence College of Cosmetology gave me a great start to my profession in the styling industry. I felt prepared and confident when I graduated and ready to take on clients immediately. The classes are informative and give you the knowledge you need to be a great stylist. The curriculum used is highly regarded and will prepare you well to take boards. I have referred countless aspiring stylists over my nine years in the industry to their amazing program. Highly recommend!,135549,Kendra M.,03/05/14,five,1
17748,2023-10-13 12:14:03,/6641959D-9265-82B5-CD40-92DF1039A400,"I would like to recommend laird institute of spa therapy. I am a recent graduate, and very pleased. The staff and owner are great!! They are very professional so be serious about your career. They give you the tools its up to you to use them. I have learned so much. I recently took my state exams and scored very high. You are so well prepared. I give this school five stars. I hope this has helped in your decision. Best of luck!! Sharon",157101,anonymous,06/11/12,five,
17749,2023-10-13 12:14:03,/141AC737-4982-7D1E-DCD4-70FE1039A400,"Going to Laird has changed my life. I stared so that I could have something of my own that would help me to be a stronger women. Not only have I found that part of me that was missing but I have also found friendship and the best education money could buy. The teachers are amazing. They all look at teaching differently and if you don't understand something then on of them will be able to explain it to you so you can build on what you already know. I can't wait to find a job and put all of the knowledge I have gained to work. I will miss them when I go but know that I can come back at anytime and take refresher classes. Teri my favorite instructor has an endless amount of patients, and is always ready to help you figger out what went wrong and help you fix it. Thank Terrie L. Salem NH",157101,,06/05/12,five,1
17750,2023-10-13 12:14:03,/86B20D7B-F5FC-9782-CD40-21911039A400,"As a Laird Student I was given an education that has taken me further than I ever even dreamed possible. As a student there I was awarded the distinguished honor of being awarded the Legacy Scholarship from the International Dermal Institute. At my State Board Exams I was the most prepared Student there, thanks to the individualized preparation I was given at Laird. Other undergraduates at the testing seemed to be lost and disorganized, while I was so well prepared that I felt confident.My education was so thorough that I was hired by a team of the most reputable Plastic Surgeons in New Hampshire even before my graduation.I am so proud to say that I am an Alumnus of the Laird Institute of Spa Therapy. I use the education that I obtained there every single day. So if you're considering a Career in the Esthetics Industry, there is nothing to think about. Enroll at the Laird Institute, or what myself and my former classmates lovingly refer to as ""The LIST"".",157101,anonymous,02/20/10,five,
22969,2023-10-19 00:11:48,/DBAFA5FC-EE08-FB89-DD40-1BFA1039A400,"Sadly if I was able to rank this a negative 5 I would. I was referred to this location and made the reservation after confirming the price through the stylist after she was given the approval from ahava. Once I got there at 9:03am instead of 9am I admit I had to park and was late. I walk in and ahava immediately asked what I was getting done as the stylist was saying hi to me. I answered and she started drilling me with questions and saying how what I expected to get done would be more money. I was shocked and stated I would head home as I was not notified of that but not to worry. I wasn't offended because it is her salon so those are her price changes and I can easily go elsewhere so it was okay. ahava looked offended and said no its fine we just wont wash your hair your hair is fine. She then brought it up 3 additional times in the matter of 10 minutes, complained about the hair I purchased for my locs extensions to the stylist (why did she buy these.... I don't use these... how are you installing... why are you installing that way) and kept pulling the stylist away to ""train"". After 30 minutes of that she said the stylist had to start because of the length of time the work takes and people have a schedule... (So why keep pulling her away from my char? Why start training's while she is working? Why rant in the middle of the store?) ... She then left and called the stylist and ordered her to go into the bathroom to talk to her over the phone. Really?! What is going on here. Once ahava returned to the store she asked my name and then proceeded to continue to call me 'honey' or 'sweety' and badger me for promo pictures as well as a review. I said no thank you. Ahava asked me ""why are you not photogenic? plus this is help the stylist... you want to help her riiiight?"" To which I replied no I just rather not have my picture taken without my consent. She continued for another 5 minutes about how it would hurt the stylist if I did not let them take pictures or write a review. I was so bothered by this harassment that I finally looked at her and stated how unprofessional her behavior was. That I will not write a review, I will not take a picture and I absolutely will not refer anyone to her training salon. She again became offended and was like why? why not. I explained that her hostile attitude and unwelcoming behavior is extremely off putting from the moment I entered the salon and I would not subject others to that. And I prefer to not be thrown into a training session without being notified first. Ahava then began blaming the incident on the newly hired stylist then stating they are not stylist but saying the stylist provided misinformation and that she didn't know a client was coming there, that she's a business owner, that she has been doing hair since she was 12, that she helps so many people, that she is tired as well as not used to being up before 1pm, that she knows how to run a business, that she's a healer and that people have never told her this before. I said to her multiple times this does not have anything to do with the new stylist but the interaction between ahava and myself. That I only recommend and stay with salons for years if I that first interaction is welcoming and informative. I stated I wasn't a new client to her newly hired stylist and that the stylist has been doing my hair for a few years now. That this conversation has nothing to do with the stylist nor what type of establishment she is running and if a business owner adamantly asked a new client to post a review as well as take pictures and they decline you should respect their wishes. Then she stated ""I apologize and will no longer allow new stylists to book appointments last minute. Thank you for your feedback"". .....It is sad that she cannot comprehend or take responsibility for her own actions, nor control her demeaning tone. I really hope that everyone makes their own decision about this location it is just sad that my experience was horrible.",174699,,12/17/17,one,1
27224,2023-10-21 10:54:45,/10440BE7-22A0-0CAD-94D4-EE3A1039A400,I am very picky about my nails. They are by far the best. I give them a A+.,285808,,12/22/07,five,1
27225,2023-10-21 10:54:45,/BF3A281E-6562-A81B-0D40-6BDC1039A400,"I have always had great service with the owners, give them a try.",285808,,04/20/06,five,1
27878,2023-10-21 19:50:11,/B73C3950-2A0D-4FEC-8D40-CAB01039A400,"I walked in with grown out blonde dyed hair and wanted to go back my natural brown with a blonde weave and nicole did my hair, it turned out amazing love it so much! I'm so going there again :):)",287790,anonymous,04/22/13,four,
27879,2023-10-21 19:50:11,/E0F5F505-8E94-A47B-CD40-8F241039A400,"I walked in on a whim, and came out with one of the best hair cuts I've had in ages. That includes cuts which cost more than 15 times what the Academy charges. Very friendly, personable staff. Definitely going back for my next cut!",287790,anonymous,05/15/12,five,
27880,2023-10-21 19:50:11,/F9B0392A-BB97-63AD-4D40-F9F71039A400,"The 1st time we went there we weren't happy with the kids' cuts, but we tried to give them the benefit of the doubt (after all this is a school). The 2nd time was it though, I will NEVER go there again! I rarely complain & figure the person was having a bad day, but this was too much. This visit one of my sons and I were ignored about wanting to keep his hair long, but he ended up thinking it was o.k. (very short albeit) minus getting scratched all over by the shaver! My other son cried. Me, his dad, & him told the guy we wanted to keep it 2 '' long all the way around. He has no hair now, the guy ignored us, & made it seriously crooked on top of also scratching his neck repeatedly! When we told him we were unhappy he just shrugged, and the people at the desk were very rude. Then they said never give money back because the students are just learning. I get that, but even I could cut a semi-straight line. Never did they apologize. When I said I wouldn't be back they said good!",287790,anonymous,09/20/10,one,
27881,2023-10-21 19:50:11,/F964AD14-F333-5B4D-4D40-E3A21039A400,"The 1st time we went there we weren't happy with the kids' cuts, but we tried to give them the benefit of the doubt (after all this is a school). The 2nd time was it though, I will NEVER go there again! I rarely complain & figure the person was having a bad day, but this was too much. This visit one of my sons and I were ignored about wanting to keep his hair long, but he ended up thinking it was o.k. (very short albeit) minus getting scratched all over by the shaver! My other son cried. Me, his dad, & him told the guy we wanted to keep it 2 '' long all the way around. He has no hair now, the guy ignored us, & made it seriously crooked on top of also scratching his neck repeatedly! When we told him we were unhappy he just shrugged, and the people at the desk were very rude. Then they said never give money back because the students are just learning. I get that, but even I could cut a semi-straight line. Never did they apologize. When I said I wouldn't be back they said good!",287790,anonymous,09/20/10,one,
27882,2023-10-21 19:50:11,/11C64435-EBBC-B9E5-0D40-CB841039A400,"As with most salons, I've found that some of thier cuts are good, some are bad, and it's the same with the workers. But the only times I've ever gotten a 'bad' cut was when I wasn't specific enough about what I wanted, and that is my own fault. $5.00 is definitely worth a cut here. An instructor will always come by and check your hair and make any corrections if they feel they need to. Also, I've had protein treatments and bleaches done here, and they've never damaged my hair during a bleaching, which I honestly explected would happen, because a student was doing it. All in all, I don't have any complaints about them, and I will continue to get my hair done here because of the friendly atmostphere. (:",287790,,05/27/10,five,1
27883,2023-10-21 19:50:11,/11EF7CDF-5223-0474-E4D4-B1891039A400,"Our entire family have gotten their hair cut there for years. We have always had good cuts except for one time. I have gotten bad $40 hair cuts too at other places. I would rather pay $4.95 and take my chances. The instructor always comes and does a ""hair check"" before you leave.",287790,,05/22/09,five,1
27884,2023-10-21 19:50:11,/F6836B2A-840F-ACA4-4D40-A4201039A400,"I Got My Hair Cut Here And It Is Absolutely The Worst Hair Cut I've Ever Had. I Take Good Care Of My Hair, And They Had ME Walking Out Of There With A Choppy, Mulet Type Look. I've Always Had Really Nice, Long, Pretty, Hair; Now It's Gross. I've Been Crying For 2 Days Now. This Is Ridiculous. Then They Tried To Tell Me That I Asked For That. I Clearly Did Not Ask For That. Plus, Im Only 13, And They Shouldn't Be Letting Minors Get Their Hair Cut Without An Adult.DO NOT EVER GO HERE.",287790,anonymous,02/01/09,one,
27885,2023-10-21 19:50:11,/B8C670B2-22AA-35E0-D400-A0E91039A400,i have had my haircut here several times and have always been pleased with the results,287790,,06/08/07,five,1
31599,2023-10-24 10:25:13,/14A45E6D-F7A5-0469-78D4-8EAE1039A400,The BEST salon i've ever been too....and i've been to alot alot alot of salons!,324508,anonymous,10/03/09,five,
31600,2023-10-24 10:25:13,/89DCDCC5-851E-92C6-CD40-F0531039A400,"This school is AWESOME!! Everytime I go to the salon it's a TOP notch experience, seriously amazing, like a salon out of New York and every one working there is always so happy and friendly and you would NEVER know they were students!!! LOVE IT!",324508,anonymous,10/03/09,five,
34812,2023-10-25 19:51:41,/FBCBCF1C-878B-8C3F-CD40-C7FC1039A400,As a college student I had to cut my expenses back and paying $100+ per visit for a hair cut was the first thing I had to cut. I went to Paul Mitchell in Murfreesboro for a color and a cut since the prices were affordable. I was assigned to Ty. He was fun and professional! He understood exactly what I was wanting with color and cut and did the most AMAZING job! He unfortunately graduates in November 2012 so I may have to follow Ty wherever he goes!,337681,anonymous,05/20/12,five,
35383,2023-10-26 00:08:09,/13BC1F35-E767-8611-20D4-E6721039A400,Professional and knowledgeable. Salon treatment at a fraction of the cost.,347416,anonymous,04/21/10,four,
9852,2023-10-11 04:30:55,/d33acc3c-6946-45d2-888b-27362f8e07ee,Worst experience ever! Went to get my nails done and got infection from it!! Went back to let them and they could care less? my friend went to git her hair done and instead they melted it and theres nothing they can do! Dont waste your time? worst place ever!!,369795,Joe M.,07/01/23,one,16
9853,2023-10-11 04:30:55,/17626E7B-A9DB-4BB2-0EF0-FDE23CFBFC33,,369795,Amy C.,02/21/13,five,1
9854,2023-10-11 04:30:55,/1e5b8d10-350d-012f-3e1d-00215aac254e,"Great place, nice & clean, great environment. Had a perm in my hair and it turned out great. Teachers are there supervising & the students are very nice and polite.",369795,Cathy S.,02/09/12,five,2
9855,2023-10-11 04:30:55,/3afcd370-f54a-012e-e3a9-00237da029e0,"I like the people and service. They got to me quickly and I liked the young lady who cut my hair. She was friendly, helpful and smiled.",369795,reggiegirl,11/20/11,five,1
22290,2023-10-18 18:29:58,/16CF2A7C-7870-CAB9-4D40-6EE51039A400,"BAD SERVICE/BAD ATTITUDE/HIGH PRICEDNothing special here but headache. Lot of hype, not worth the cost. Inconsistent in service and attitude, but the cost is premium...especially when you factor in the cost to go some place else to fix the problem created at Ricci's or Hero Barbering in Newtown, CT. Go to the mall. At least there you'll get your money's worth.",448194,,04/02/09,one,1
22291,2023-10-18 18:29:58,/917CAFC1-4F8F-4F26-CD40-80AF1039A400,"I just moved into the area and Ricci's was recommended to me. I called andmade an appointment. I had my hair highlighted and cut today by Barbaraand could not be more delighted. I met the owner and his wife and was impressedby their friendliness and the new client letter for 50% off a spa service. My onlycomplaint was that it was so crowded, I had to drive around the parking lotseveral times to find a spot.",448194,,11/22/08,five,1
24763,2023-10-19 11:57:36,/14E87D43-013F-308A-4D40-AEAF1039A400,"Caroline (aka Sweet Caroline) has a special knack in working with new, skeptical clients like myself. Due to countless hair fiascos in some of the finest salons, I find it very hard to build a confiding relationship with hairdressers even if they have years and years of experience. My first visit to Paul Mitchell Academy in Danbury was once-in-a-lifetime experience. Miraculously, Caroline found a way to work with my dry, tangled, damaged hair with skill and proficiency. After a thorough hair and scalp assessment, she managed to convert dry, damaged hair, into smooth, silky, straight hair and relieved my dry, itchy scalp into a soothe, re-hydrated scalp. Her interpersonal skills and technical competence easily reassures reluctant clients like myself. Although she is considered a stylist-in-training, she already demonstrates mastery in the hair and beauty industry! Without a doubt, Paul Mitchell educates and employs the finest! Pam Weldon Danbury, Connecticut",457983,,10/17/11,five,1
25915,2023-10-20 10:09:11,/1CCC2420-DA53-4505-8D40-7F141039A400,"I graduated in march of 2011 and still no job. I am not the only one either, I did everything they told me and they said they would help out. I never got the help I needed and never got a call back when I called to try and find some help. I talked to other people who went there after me and still the same. What you learn is pretty good and the teachers are helpful but when it comes time to getting that job because you have to pay that loan back, there's no help.",462439,anonymous,10/23/12,two,
25916,2023-10-20 10:09:11,/312860C6-C718-A04B-CD40-D0BF1039A400,I recently graduated from Dawn and would recommend them 100%! The education you get is out of this world. The teachers are extremely wonderful and always willing to help. I did online billing and coding. You get your asisgnments for a full week and hand them in on your time within the week. The only thing I would have to say is not great is responds from everyone but the teachers. When I graduated it took almost 2 months to get my diploma and that was only because I called about 6 times asking why it was taking so long. Finding the right person totality to about questions was very painful. They are of cousre wonderful to get a hold of when your trying to sign up. Believe what I say that shouldn't make not consider them because even with the run around still hands down the best choice ive ever made.,462439,anonymous,07/02/12,four,
26694,2023-10-21 00:45:11,/12BAF2FC-3413-1814-7DD4-D92B1039A400,"My experience at Toni and Guy has been incredible and I wouldn't change it for the world! I have loved every moment! The teachers are awesome, fun, and have a lot of wisdom to guide you in your career. I love the cultivation of creativity and the instruction at the school has given me a solid foundation to continue to grow upon. The curriculum is intense and the program is advanced so, no, it's not for everyone but if you are committed to being successful with a positive attitude then you'll do great! :-)",465506,anonymous,02/26/15,five,
26695,2023-10-21 00:45:11,/12B6334A-7C33-03DC-7DD4-860D1039A400,"My experience at Toni and Guy has been incredible and I wouldn't change it for the world! I have loved every moment! The teachers are awesome, fun, and have a lot of wisdom to guide you in your career. I love the cultivation of creativity and the instruction at the school has given me a solid foundation to continue to grow upon. The curriculum is intense and the program is advanced so, no, it's not for everyone but if you are committed to being successful with a positive attitude then you'll do great! :-)",465506,anonymous,02/26/15,five,
26696,2023-10-21 00:45:11,/5EC0B9A0-E6E4-D11F-4D40-838D1039A400,"i went to this school because it was recommended to me by some of my older hairdresser friends. but i didnt come until the new management took over. it was unorganized and they seemed to change the rules weekly. Their good intentions are quickly run down by the unjust, bad politics; what works for one student doesn't apply to another. I have never been in such an uncomfortable enviroment and I've sat in jail before. NEVER TELLING ANYONE TO COME HERE.",465506,anonymous,04/09/09,one,
28888,2023-10-22 18:22:50,/b72b0d8c-8f40-41a6-8762-373b33a78537,This was my first experience with lash extensions. I am so delighted with the outcome of my visit. I have total strangers stop and ask me about my eyebrows and lashes ! They have a customer for life.,475477,Faith S.,01/15/20,five,2
31618,2023-10-24 10:39:30,/75179d62-5cdc-4384-b87b-264bc6af263c,"I went to the Institute and had an extraordinary experience.Certainly my future is assured and I thank for that. The class hours were flexible, the instructors were very skilled and you have something to learn.The material is diverse and you don't get bored because it combines all the shapes to be able to learn. Friendly people and you feel that you are not only in class, but also in a team of colleagues and instructors who want you to surpass to become someone talented. Thank you again!",483991,,20 days ago,five,1
31619,2023-10-24 10:39:30,/2b5edb4b-9852-499c-99a5-10073aaf57d2,"i had a great time, the students are friendly, the teachers supervise the work throughout the whole time and is just so warm and relaxing... i walked in with and walkout with a smile for sure after the classes, because you feel more confident and convinced in what you have learned... ;) thank you",483991,,09/18/23,five,1
31620,2023-10-24 10:39:30,/76c3f355-0dc5-43f9-9968-f9382826d584,"I liked the most Audio-visual assistances and guest speakers, and all the activities, so we could learn from various ways to understand better and go from here with good skills and talent for our future jobs.",483991,,09/04/23,five,1
31621,2023-10-24 10:39:30,/b00cb141-8c19-4282-9ce8-f7a1f7aa35eb,I have to say I was really impressed. When I left and began finding my place in the industry and finding my niche I was able to do so because of how he communicated the realities of life outside of school. It is a great feeling coming full circle and seeing all the wonderful opportunities before me. Esthetic Institute made this possible because they need to make sure that we learn the best and become the best at the craft of our choosing.,483991,,08/01/23,five,1
31622,2023-10-24 10:39:30,/b49ee6c7-d723-45f1-90e2-d0a64662f731,"Have no words to explain how happy I am to graduate from this school! Katie is the best teacher, mentor, and instructor! Highly recommend!",483991,,07/28/23,five,1
31623,2023-10-24 10:39:30,/0043cc2e-80a5-41f4-9946-74a5353db88c,I'm a recent graduate from Esthetic Institute & I 100% recommend this school. I was able to get job interviews a week after I got licensed & within 2 weeks I got a job!The instructor is the sweetest & very knowledgeable! Although she can be tough on you sometimes she does it because she wants the best for you.,483991,,07/19/23,five,1
31624,2023-10-24 10:39:30,/b13935b6-7f1b-44c8-9b6b-d754639ff527,I just love my instructor! It is a totally relaxing experience in the classroom. I absolutely fell in love with her talent. She made me feel confident.,483991,,06/30/23,five,1
31625,2023-10-24 10:39:30,/11a85c11-22d7-4938-a52e-710edf7af2a1,"Now that I have graduated and am a Master Esthetician a friend asked me ""was it worth the money?"" I will share my answer with her and with you. YES without hesitation! As a student there I was able to work with expensive machines in a pro-environment. I used the top of line spa products on my clients along with a wide array of fundamental and advanced acids. This is a school that cares about its students.THANK YOU. FIVE shining Stars!!!!",483991,,06/23/23,five,1
31626,2023-10-24 10:39:30,/e4947519-3a17-465b-a095-ba887a8ccada,The best school in Virginia. I feel very happy and I'll be very successful after I have my license. I will give 5 stars to the best teachers and great school plus super clean highly recommend.,483991,,06/07/23,five,1
31627,2023-10-24 10:39:30,/cd36a616-cfd9-43ba-b395-b23e8a27a02e,"Hands down, the best education you can get. The teachers are patient, knowledgeable, caring, creative, and sincere. The curriculum is extensive, fun, and exciting. The skillset you develop is invaluable and by the time you graduate, you will have gained the confidence and know-how to shine in this field. If you are thinking about taking the steps towards becoming licensed, this school is the best possible environment to learn and succeed!",483991,,05/31/23,five,1
31628,2023-10-24 10:39:30,/604b12c6-648f-45ed-9226-4d9e58a26a2d,Jackie was very informed and an excellent instructor.This was my first time here and I am really impressed by this school and the instructor.Was a nice experience.,483991,,05/16/23,five,1
31629,2023-10-24 10:39:30,/18b9349e-490d-4e10-8274-c606f224a4a6,Very professional and helpful. I applied myself a facial treatment it felt great and left my skin soft and glowing. They tell us about products that are new in the industry. The best school!,483991,,05/15/23,five,1
31630,2023-10-24 10:39:30,/3eda87a7-03df-4058-b689-36a492342f2b,"Great school, very clean, awesome experience! The teachers are very helpful and positive. Overall you'd really enjoy it. They have everything here and the atmosphere is very positive and happy. The school overall is very clean and kept well. The people are nice.",483991,,05/10/23,five,1
31631,2023-10-24 10:39:30,/5e7640e8-43e6-441a-9ada-d3e13fb9a200,"As a student here, I must say I feel I have found the BEST education Esthetic Institute has to offer. I leave here every day having learned something exciting and new. We are lucky to have educators who genuinely care about the quality of our education as well as providing us support to grow as makeup artistry!",483991,,05/04/23,five,1
31632,2023-10-24 10:39:30,/c672e292-f786-42a8-a1f7-148600f8eb25,"I genuinely feel that it is worth it for the quality education I am receiving at Esthetic Institute. The teachers are knowledgeable and very willing to help whenever needed. As someone with zero prior knowledge of makeup, the amount I feel I have already learned is beyond what I could have imagined. I look forward to continuing my education here and to using what I learn at Esthetic Institute to succeed in the industry.",483991,,04/24/23,five,1
31633,2023-10-24 10:39:30,/7192c34f-43d6-449f-938e-71e19d48887e,"I searched for some schools before choosing Esthetic Institute.They offered good classes for the Esthetician Program I was looking for. I loved at school and am so thankful for the wonderful staff who made learning so much fun. There is so much talent here, I was constantly amazed. You can't go wrong with them!",483991,,04/14/23,five,1
31634,2023-10-24 10:39:30,/09fa4000-54ac-4ae6-9264-942841371002,"Dunja was very friendly and helpful. Also, I am glad I came here, a wonderful and professional institute. At my classes my instructor was very knowledgeable about the wax techniques and I felt convinced I will get a nice job after I finish the program.Dedicated to their work and passionate.Thanks for giving me faith.",483991,,04/12/23,five,1
31635,2023-10-24 10:39:30,/609e2353-4c31-4b65-a78d-7b41e689bb21,"I qualified for credit low rates. Everything was easy, especially if you want to make something with your life.",483991,,03/08/23,five,1
31636,2023-10-24 10:39:30,/00922b91-5647-4a27-a01f-e51507f1bdac,I was a student at Esthetic Institute. I very much enjoyed what I was doing here at Esthetic Institute. The Instructors here are amazing and ALWAYS willing to help and answer any questions I have. I have had many treatments since starting school and my skin has improved greatly! I get compliments all the time on how young and how great my skin looks. Some of my classmates have done services on me as well as the Instructors. I have picked a career that I know I truly enjoy. Thank you.,483991,,02/01/23,five,1
31637,2023-10-24 10:39:30,/297cd1bb-0e87-426c-bff2-d98ec8bd6447,"I was a student at Esthetic Institute and I am so impressed with everything I learned! Before coming here, I had no idea about it. I've learned so many techniques and advanced skills that I thought I would never be able to do. My instructors have all helped me with developing my skills. If you have the motivation, hard work, and love for something, Esthetic Institute is for you!",483991,,01/04/23,five,1
31655,2023-10-24 11:03:17,/52194D72-0513-5B85-CD40-62611039A400,"Wonderful service, great with kids! My son went for his first haircut and didn't even cry!!",484287,anonymous,07/12/09,five,
37786,2023-10-27 04:52:35,/81805b50-abd5-012e-e3e3-3c4a92743abd,don't go to that school bad toooooooooooooooooo noooooooooooooooooooooooooooooooooooooooooo goooooooooooooooooddddddddddddddd,516358,yeeebe,08/18/11,one,1
38126,2023-10-27 09:00:04,/b74019e3-30be-462b-9046-a368e2d0cc55,Cheers to winning the lawsuit against these posting fake reviews!,517301,Bernie W.,12/10/14,five,1
38127,2023-10-27 09:00:04,/89679859-1D11-776E-E140-C66A1039A400,Check out other schools before considering enrolling here. My experience was horrible.,517301,JoAnnT,12/07/14,one,1
38128,2023-10-27 09:00:04,/73C85A4A-E9A5-C77D-E140-47EE1039A400,I would not recommend this place. My experience was bad. Do research before visiting or attending this place.,517301,Tri-Cities Resident,12/06/14,one,1
38129,2023-10-27 09:00:04,/cdcb211a-8609-426a-90bd-3fff4bd44c91,"HORRIBLE! They don't supervise their students at all! I asked for layers and the gal didn't know how to do it therefore leaving my hair a mess and all choppy. When I had highlights done the foils slipped leaving me looking the same as when I first came in with roots! She also put bleach on the hair that already had bleach!! I'm lucky my hair didn't fall out!! when I went back to get it fixed, I had asked for highlights under my hair in the back. I had TWO people working on me to fix this mess. However, I didn't get the underneath layers, why? Because the student said ""it would grow out"" YA THINK?! DO what your customers say. THIS PLACE IS HORRIBLE!!!!!!!!!!!!!!!!!!!!!!!!!!!!!!!!!!!!!!!!!!!!!!!!!!!!!",517301,April M.,06/12/14,one,1
38130,2023-10-27 09:00:04,/046d95ba-a159-11dd-925f-00215aac254e-470,"I have had my hair done at beauty schools in the past...and it was always a crap shoot!!!! Not so here!!! The place is clean, the students are organized, and the teaching appears to be top notch. I have none of that dread in the pit of my stomach when I walk in, and I've experienced this at shops I've tried for the first time.I'd strongly suggest you try this place out...you will find yourself going back again and again...I know I do...",517301,2tired2go,10/23/08,five,1
38395,2023-10-27 12:49:27,/DFD5FE37-FADB-DEA0-CD40-F0381039A400,Love them,559876,anonymous,01/01/14,five,
38460,2023-10-27 19:22:41,/19599B90-7C45-42C3-8158-A3AF3C83BC89,,600452,mqdermut05,10/08/12,three,1
38461,2023-10-27 19:22:41,/5220c9a8-ca90-11dc-8470-001b78054eaa-855,Four score and seven years ago I had a job,600452,kevin72761,01/24/08,three,43
